sender_account,receiver_account,amount,transaction_date,alert
A82,B76,2043.5448345632117,2026-03-12 00:58:26.173885,0
A15,B71,4130.259413470911,2026-03-08 00:58:26.173885,0
A4,B45,8238.869937938269,2025-08-28 00:58:26.173885,1
A95,B45,6463.966109709719,2025-12-26 00:58:26.173885,1
A36,B21,2571.901882452372,2026-05-09 00:58:26.173885,0
A32,B34,6016.310374058313,2026-01-29 00:58:26.173885,1
A29,B96,4064.600733089814,2025-11-14 00:58:26.173885,0
A18,B89,1144.450180516562,2025-08-07 00:58:26.173885,0
A95,B12,1927.2409546879276,2025-11-18 00:58:26.173885,0
A14,B37,2463.410232085564,2025-05-22 00:58:26.173885,0
A87,B4,8274.015953036398,2025-12-24 00:58:26.173885,1
A95,B50,4646.955412097049,2025-12-16 00:58:26.173885,0
A70,B7,5602.651855223015,2026-03-02 00:58:26.173885,1
A12,B21,4366.967781007074,2025-08-05 00:58:26.173885,0
A76,B74,6472.751291524616,2025-07-02 00:58:26.173885,1
A55,B100,379.66730987940053,2025-12-17 00:58:26.173885,0
A5,B28,1601.9913007646242,2025-09-21 00:58:26.173885,0
A4,B29,1372.9419818604526,2025-05-22 00:58:26.173885,0
A12,B83,2591.384506216657,2025-10-09 00:58:26.173885,0
A28,B29,8037.346447743043,2025-06-12 00:58:26.173885,1
A30,B87,6590.120419275418,2025-12-23 00:58:26.173885,1
A65,B27,1768.092366728896,2026-03-04 00:58:26.173885,0
A78,B35,8526.684964909415,2025-06-01 00:58:26.173885,1
A4,B84,9638.231036346519,2026-03-18 00:58:26.173885,1
A72,B53,4863.561235774421,2026-03-08 00:58:26.173885,0
A26,B66,208.88832787215256,2025-07-15 00:58:26.173885,0
A92,B3,8597.244189128947,2025-12-24 00:58:26.173885,1
A84,B100,848.4561152451379,2025-11-07 00:58:26.173885,0
A90,B99,6019.981404817192,2026-01-11 00:58:26.173885,1
A70,B88,8673.046079689124,2025-06-30 00:58:26.173885,1
A54,B2,9006.743100891514,2026-01-26 00:58:26.173885,1
A29,B61,4075.998447081183,2026-05-08 00:58:26.173885,0
A58,B17,3640.7081098109775,2026-02-03 00:58:26.173885,0
A76,B83,6577.731726455214,2025-07-28 00:58:26.173885,1
A36,B23,912.1598615868495,2025-12-18 00:58:26.173885,0
A1,B77,9432.189798948963,2026-03-08 00:58:26.173885,1
A98,B2,7245.102187090182,2025-07-27 00:58:26.173885,1
A21,B29,1414.1959175322281,2026-05-16 00:58:26.173885,0
A90,B33,1128.204315260231,2026-01-10 00:58:26.173885,0
A55,B78,7347.459266837558,2025-11-17 00:58:26.173885,1
A44,B40,9330.02511952236,2025-09-04 00:58:26.173885,1
A36,B92,5224.356013130614,2025-08-31 00:58:26.173885,1
A20,B91,8291.526010918566,2025-10-27 00:58:26.173885,1
A28,B83,9497.248258392567,2025-09-20 00:58:26.173885,1
A98,B36,9316.240696142231,2025-07-10 00:58:26.173885,1
A44,B55,2525.5625038560215,2026-02-24 00:58:26.173885,0
A14,B49,8846.802974653134,2025-11-27 00:58:26.173885,1
A12,B45,2388.387783856801,2025-06-27 00:58:26.173885,0
A49,B59,1231.5455662025272,2026-03-04 00:58:26.173885,0
A13,B33,8068.805583722659,2025-07-26 00:58:26.173885,1
A46,B28,3299.5662505553532,2025-09-08 00:58:26.173885,0
A45,B60,5847.418943606251,2025-12-13 00:58:26.173885,1
A78,B39,3905.6071818646606,2025-08-28 00:58:26.173885,0
A34,B87,7486.258550227806,2025-11-12 00:58:26.173885,1
A6,B67,2367.0214109543404,2025-11-10 00:58:26.173885,0
A94,B80,4234.46129484403,2025-09-16 00:58:26.173885,0
A59,B51,1451.3363079508542,2025-06-25 00:58:26.173885,0
A69,B75,1759.791011802444,2026-02-25 00:58:26.173885,0
A16,B14,9699.53552464193,2025-08-27 00:58:26.173885,1
A49,B1,4400.3593731647115,2025-09-18 00:58:26.173885,0
A11,B66,2550.516145530122,2026-02-22 00:58:26.173885,0
A71,B85,5898.9146345011495,2025-09-17 00:58:26.173885,1
A38,B48,4908.682215730584,2025-11-09 00:58:26.173885,0
A81,B72,3753.302795880891,2026-05-15 00:58:26.173885,0
A80,B83,9487.62178576353,2025-06-14 00:58:26.173885,1
A47,B77,3171.734564915246,2026-04-19 00:58:26.173885,0
A74,B78,4243.575352235083,2025-11-28 00:58:26.173885,0
A25,B37,6830.557090871061,2026-01-27 00:58:26.173885,1
A91,B39,9633.520246256592,2025-12-15 00:58:26.173885,1
A9,B88,8795.541073418332,2026-02-06 00:58:26.173885,1
A6,B14,9370.35319065799,2026-01-28 00:58:26.173885,1
A85,B62,3636.350142564367,2026-03-07 00:58:26.173885,0
A30,B9,7159.555578930045,2025-12-31 00:58:26.173885,1
A99,B44,8215.440008257568,2025-07-15 00:58:26.173885,1
A38,B36,220.53136235119226,2026-03-22 00:58:26.173885,0
A11,B82,9668.383541801884,2025-06-24 00:58:26.173885,1
A30,B42,6062.089181376593,2026-02-11 00:58:26.173885,1
A13,B36,8416.314935513605,2025-11-21 00:58:26.173885,1
A49,B34,6625.61211005914,2025-09-09 00:58:26.173885,1
A36,B84,9409.074281500105,2025-09-29 00:58:26.173885,1
A59,B92,6909.917728270577,2025-08-04 00:58:26.173885,1
A82,B84,7890.139079982563,2025-06-30 00:58:26.173885,1
A47,B39,2404.361533800505,2026-05-16 00:58:26.173885,0
A21,B25,5531.75175408315,2025-08-27 00:58:26.173885,1
A48,B20,3099.5923318944947,2026-01-26 00:58:26.173885,0
A46,B67,9585.251281851246,2026-02-08 00:58:26.173885,1
A27,B98,3634.9224332164176,2025-11-17 00:58:26.173885,0
A86,B31,8124.3804859789525,2025-06-16 00:58:26.173885,1
A35,B8,1229.3171497714347,2026-05-06 00:58:26.173885,0
A90,B77,8670.859821971171,2025-10-30 00:58:26.173885,1
A88,B52,8577.894920107752,2025-07-06 00:58:26.173885,1
A83,B85,3890.8254384143825,2026-04-02 00:58:26.173885,0
A10,B41,9098.793108968974,2025-12-05 00:58:26.173885,1
A78,B88,3935.8259266301898,2025-09-05 00:58:26.173885,0
A82,B18,9780.148615465221,2026-04-18 00:58:26.173885,1
A22,B93,2562.7815632214592,2026-01-04 00:58:26.173885,0
A69,B4,911.6007738103024,2025-08-12 00:58:26.173885,0
A94,B84,8228.850180127565,2025-08-22 00:58:26.173885,1
A32,B64,2362.2499449644592,2025-08-20 00:58:26.173885,0
A21,B38,2111.7610477326293,2026-04-12 00:58:26.173885,0
A60,B34,8903.564810385331,2026-04-24 00:58:26.173885,1
A49,B54,9159.749104410932,2025-10-06 00:58:26.173885,1
A35,B52,6317.213499536154,2025-08-05 00:58:26.173885,1
A82,B50,8795.87780270245,2025-08-28 00:58:26.173885,1
A89,B95,7669.741597085078,2026-01-16 00:58:26.173885,1
A72,B5,4068.8252713924708,2026-01-17 00:58:26.173885,0
A29,B75,348.47799537796345,2026-01-11 00:58:26.173885,0
A88,B91,8665.781437159661,2026-02-18 00:58:26.173885,1
A42,B74,8233.7458261607,2025-06-03 00:58:26.173885,1
A99,B25,9405.549247652305,2025-06-23 00:58:26.173885,1
A100,B44,4716.201921046154,2026-01-17 00:58:26.173885,0
A8,B93,4135.48357222756,2026-01-26 00:58:26.173885,0
A30,B92,8413.223029031566,2025-06-03 00:58:26.173885,1
A5,B29,7176.68631888506,2025-10-01 00:58:26.173885,1
A41,B88,8768.844660120281,2026-02-21 00:58:26.173885,1
A52,B69,8204.210691399512,2026-05-02 00:58:26.173885,1
A35,B82,8245.764648704453,2025-07-15 00:58:26.173885,1
A9,B61,6987.837053590201,2026-01-06 00:58:26.173885,1
A28,B86,5068.281794063811,2025-08-13 00:58:26.173885,1
A73,B46,3525.04490237308,2025-12-31 00:58:26.173885,0
A92,B65,6025.138260685082,2026-04-06 00:58:26.173885,1
A41,B39,8136.146203516423,2026-02-14 00:58:26.173885,1
A28,B22,7380.477350834129,2026-04-20 00:58:26.173885,1
A84,B85,4538.0849138285885,2026-03-16 00:58:26.173885,0
A64,B72,283.2354244003789,2025-08-28 00:58:26.173885,0
A51,B24,530.4672407903829,2025-12-18 00:58:26.173885,0
A83,B38,6419.509189021281,2026-04-21 00:58:26.173885,1
A59,B13,6305.261851769801,2026-02-05 00:58:26.173885,1
A19,B61,7912.282984961398,2026-01-26 00:58:26.173885,1
A34,B17,1369.5613102669058,2026-01-18 00:58:26.173885,0
A18,B95,4012.611881261709,2025-07-27 00:58:26.173885,0
A32,B34,6286.679769697934,2025-07-29 00:58:26.173885,1
A96,B93,3144.080808478112,2025-09-20 00:58:26.173885,0
A72,B72,831.4981937197866,2025-09-27 00:58:26.173885,0
A69,B98,1586.646170046475,2026-04-02 00:58:26.173885,0
A34,B24,5168.4952515997265,2025-08-21 00:58:26.173885,1
A96,B88,9696.949222522955,2026-04-26 00:58:26.173885,1
A75,B43,8307.907600889457,2025-12-10 00:58:26.173885,1
A55,B84,7633.995405879829,2025-07-02 00:58:26.173885,1
A75,B12,8471.134693728543,2026-04-15 00:58:26.173885,1
A52,B29,6860.676249705693,2026-02-11 00:58:26.174999,1
A47,B46,7928.496526142865,2025-09-20 00:58:26.174999,1
A29,B29,3200.7973010866644,2026-03-24 00:58:26.174999,0
A18,B96,4788.871144773984,2025-10-08 00:58:26.174999,0
A66,B40,7354.369367016576,2026-04-10 00:58:26.174999,1
A64,B54,2614.1919970740037,2025-09-21 00:58:26.174999,0
A12,B43,6877.794048147454,2026-02-10 00:58:26.174999,1
A97,B48,8269.418407324913,2026-04-01 00:58:26.174999,1
A7,B34,7997.291392722393,2025-08-18 00:58:26.174999,1
A15,B75,1994.6505590762602,2025-07-25 00:58:26.174999,0
A20,B38,4150.819281282422,2026-02-01 00:58:26.174999,0
A81,B60,1827.0736455247313,2025-07-20 00:58:26.174999,0
A21,B16,8765.13622916808,2025-09-15 00:58:26.174999,1
A88,B61,9448.123976874676,2025-12-20 00:58:26.174999,1
A55,B7,8844.570890130115,2025-08-04 00:58:26.174999,1
A77,B82,2252.626463451526,2026-05-18 00:58:26.174999,0
A9,B75,9481.61107942068,2025-07-29 00:58:26.174999,1
A50,B75,9231.892395315426,2025-10-14 00:58:26.174999,1
A49,B80,6474.595826148327,2026-03-26 00:58:26.174999,1
A77,B10,6270.007301604638,2025-10-08 00:58:26.174999,1
A60,B61,9069.379357314676,2025-06-27 00:58:26.174999,1
A68,B25,9741.534441781227,2026-02-12 00:58:26.174999,1
A33,B65,1990.6793646902865,2025-07-25 00:58:26.174999,0
A71,B16,7015.598930491436,2025-07-01 00:58:26.174999,1
A2,B88,1695.872004086761,2025-07-12 00:58:26.174999,0
A88,B49,4016.3387619991627,2025-10-01 00:58:26.174999,0
A93,B68,4294.744647502328,2026-05-22 00:58:26.174999,0
A15,B39,2608.976221911754,2026-01-14 00:58:26.174999,0
A88,B53,899.7220609392843,2025-10-26 00:58:26.174999,0
A69,B7,3685.522339564022,2025-07-19 00:58:26.174999,0
A97,B20,9472.962649440442,2026-01-04 00:58:26.174999,1
A35,B18,1182.3316828981629,2025-09-12 00:58:26.174999,0
A99,B26,7188.648404129733,2025-07-03 00:58:26.174999,1
A83,B44,4357.235765798833,2026-02-21 00:58:26.174999,0
A44,B53,9200.690598514422,2025-12-05 00:58:26.174999,1
A15,B73,4542.54157218562,2025-09-05 00:58:26.174999,0
A38,B59,6739.364326943076,2025-09-17 00:58:26.174999,1
A56,B19,1193.9383666410636,2025-09-01 00:58:26.174999,0
A21,B41,7138.501482527123,2025-12-28 00:58:26.174999,1
A59,B92,1913.536211036612,2025-06-26 00:58:26.174999,0
A1,B24,8620.74787561588,2025-12-20 00:58:26.174999,1
A93,B100,7823.398214871931,2026-01-07 00:58:26.174999,1
A93,B11,2886.7401087803078,2025-08-23 00:58:26.174999,0
A34,B63,4946.739895842331,2026-01-15 00:58:26.174999,0
A65,B43,1310.6913194713945,2025-11-29 00:58:26.174999,0
A98,B81,8564.813899278592,2026-01-02 00:58:26.174999,1
A23,B23,6004.827037107276,2025-06-09 00:58:26.174999,1
A65,B41,9952.122425233185,2025-08-08 00:58:26.174999,1
A14,B82,2836.8427778766563,2025-09-07 00:58:26.174999,0
A81,B8,6775.114625332788,2025-12-15 00:58:26.174999,1
A39,B1,4189.126601307802,2025-07-06 00:58:26.174999,0
A82,B58,4091.1557781451243,2025-10-09 00:58:26.174999,0
A65,B36,1467.9690926331537,2026-03-26 00:58:26.174999,0
A78,B27,2909.0276855343604,2026-02-18 00:58:26.174999,0
A26,B98,2625.376644302169,2025-09-15 00:58:26.174999,0
A20,B100,6180.625598171779,2026-05-19 00:58:26.174999,1
A48,B22,9074.209067379656,2025-12-10 00:58:26.174999,1
A98,B74,3702.6810179144272,2025-09-04 00:58:26.174999,0
A21,B98,6845.828190564239,2025-09-24 00:58:26.174999,1
A70,B21,4587.059473071466,2025-09-11 00:58:26.174999,0
A100,B63,113.09922020232122,2026-02-28 00:58:26.174999,0
A68,B98,1340.7173108735697,2026-02-20 00:58:26.174999,0
A1,B100,3239.22733675128,2026-04-19 00:58:26.174999,0
A77,B12,6933.305343848255,2025-10-13 00:58:26.174999,1
A42,B17,6871.655968204546,2025-06-12 00:58:26.174999,1
A63,B79,7136.226131104823,2025-12-18 00:58:26.174999,1
A3,B56,7087.447134917054,2026-04-04 00:58:26.174999,1
A15,B82,7363.680012866761,2025-10-08 00:58:26.174999,1
A47,B55,2569.6936833845493,2025-11-28 00:58:26.174999,0
A40,B52,961.8414265992468,2025-06-30 00:58:26.174999,0
A31,B55,596.935613308884,2025-06-05 00:58:26.174999,0
A8,B62,3335.2967802534654,2025-08-20 00:58:26.174999,0
A31,B50,2356.0659821675326,2026-02-18 00:58:26.174999,0
A73,B1,9083.183108266247,2026-02-12 00:58:26.174999,1
A11,B5,9967.426972967989,2026-03-28 00:58:26.174999,1
A11,B69,9393.826182344612,2026-01-24 00:58:26.174999,1
A94,B26,9672.426344636548,2026-02-02 00:58:26.174999,1
A63,B94,5986.338338915734,2025-12-16 00:58:26.174999,1
A9,B48,7484.93598535978,2025-09-08 00:58:26.174999,1
A98,B2,464.6635974463534,2025-12-17 00:58:26.174999,0
A69,B42,2544.032259437252,2025-12-10 00:58:26.174999,0
A99,B97,6200.38219068622,2025-08-24 00:58:26.174999,1
A17,B68,3032.048482861097,2025-09-23 00:58:26.174999,0
A17,B25,3953.021175383832,2026-03-31 00:58:26.174999,0
A85,B3,3715.303118683845,2025-06-06 00:58:26.174999,0
A61,B87,9680.897526467868,2025-12-20 00:58:26.174999,1
A71,B1,5600.008282444169,2025-07-14 00:58:26.174999,1
A22,B81,5809.064229815665,2026-02-04 00:58:26.174999,1
A34,B94,2610.3136050475105,2025-08-03 00:58:26.174999,0
A68,B32,5042.429751183612,2025-06-12 00:58:26.174999,1
A78,B29,9303.966142150577,2026-03-04 00:58:26.174999,1
A55,B89,8780.188552187143,2025-12-08 00:58:26.174999,1
A28,B45,1327.8761414854475,2026-03-03 00:58:26.174999,0
A70,B40,3180.000694062211,2026-02-13 00:58:26.174999,0
A97,B17,5308.933770917111,2025-11-01 00:58:26.174999,1
A94,B14,1426.5393828709123,2026-02-24 00:58:26.174999,0
A89,B50,1177.2521410849936,2026-03-03 00:58:26.174999,0
A26,B65,451.17999326721406,2025-07-14 00:58:26.174999,0
A92,B76,1287.4362323963196,2025-06-17 00:58:26.174999,0
A40,B40,8718.07879592464,2026-03-03 00:58:26.174999,1
A52,B22,8349.692337790106,2025-12-07 00:58:26.174999,1
A86,B9,7480.755443515748,2025-08-31 00:58:26.174999,1
A84,B6,9263.10805429935,2025-09-22 00:58:26.174999,1
A48,B39,2836.425826839348,2025-06-22 00:58:26.174999,0
A57,B38,8770.59449121007,2025-07-22 00:58:26.174999,1
A67,B59,6133.186390605538,2025-10-21 00:58:26.174999,1
A58,B94,7618.023550196749,2026-01-05 00:58:26.174999,1
A16,B67,2644.941825677134,2026-01-25 00:58:26.174999,0
A32,B77,3136.973055477409,2026-01-08 00:58:26.174999,0
A29,B68,8927.791380198212,2025-09-23 00:58:26.174999,1
A9,B44,3162.273765439716,2025-12-18 00:58:26.174999,0
A44,B56,9945.70500819262,2025-11-14 00:58:26.174999,1
A3,B88,7639.117382399786,2026-03-09 00:58:26.174999,1
A76,B18,1521.1348141073456,2025-12-17 00:58:26.174999,0
A71,B44,8531.806276062873,2025-12-03 00:58:26.174999,1
A30,B63,6577.620581985678,2025-11-22 00:58:26.174999,1
A76,B46,7984.219630699576,2025-12-12 00:58:26.174999,1
A29,B97,541.689660827147,2025-10-04 00:58:26.174999,0
A1,B25,1494.7218623394215,2025-12-16 00:58:26.174999,0
A10,B22,2306.3068502365186,2025-10-17 00:58:26.174999,0
A91,B52,368.26385921070533,2025-08-07 00:58:26.174999,0
A81,B3,2609.6373962157513,2025-11-02 00:58:26.174999,0
A8,B30,7062.568997119792,2025-10-21 00:58:26.174999,1
A30,B29,4369.934366562069,2026-05-20 00:58:26.174999,0
A9,B94,9952.065416148307,2025-10-28 00:58:26.174999,1
A5,B17,9272.791347981682,2026-04-24 00:58:26.174999,1
A43,B28,417.50916831777675,2025-10-25 00:58:26.174999,0
A10,B94,3571.635961296391,2025-11-22 00:58:26.174999,0
A66,B3,7093.201131246511,2025-06-26 00:58:26.174999,1
A31,B76,4857.143149472917,2026-03-12 00:58:26.174999,0
A36,B65,4934.955614609896,2025-10-01 00:58:26.174999,0
A86,B22,8459.92512598963,2026-01-02 00:58:26.174999,1
A63,B16,8670.124210857277,2026-05-13 00:58:26.174999,1
A28,B47,1245.3057979982116,2025-05-27 00:58:26.174999,0
A70,B92,944.8430032677921,2026-02-08 00:58:26.174999,0
A17,B84,8683.049365120554,2026-02-05 00:58:26.174999,1
A93,B5,1814.7430914728864,2025-06-18 00:58:26.174999,0
A74,B49,1691.2670660903084,2026-01-11 00:58:26.174999,0
A74,B82,5092.290261667161,2025-12-23 00:58:26.174999,1
A61,B33,2735.18762206168,2025-11-12 00:58:26.174999,0
A32,B99,8910.036277210305,2026-05-10 00:58:26.174999,1
A61,B69,5860.917244120222,2025-12-09 00:58:26.174999,1
A53,B80,5839.638435915599,2025-10-16 00:58:26.174999,1
A25,B7,9716.557272979735,2025-11-08 00:58:26.174999,1
A13,B77,5264.893911933957,2025-12-07 00:58:26.174999,1
A13,B7,5712.17023323389,2025-08-10 00:58:26.174999,1
A85,B85,4170.02572398579,2025-08-09 00:58:26.174999,0
A56,B14,777.5862733208586,2026-02-09 00:58:26.174999,0
A46,B84,7684.85173557793,2026-02-01 00:58:26.174999,1
A55,B3,6772.316075802662,2025-07-10 00:58:26.174999,1
A53,B7,8874.803303206647,2025-09-07 00:58:26.174999,1
A60,B89,269.36206437624674,2025-10-09 00:58:26.174999,0
A94,B15,6816.310324844206,2026-01-02 00:58:26.174999,1
A7,B54,6809.587700282704,2026-03-29 00:58:26.174999,1
A87,B57,3947.7563296396092,2026-04-14 00:58:26.174999,0
A84,B49,5907.481593282468,2026-01-18 00:58:26.174999,1
A83,B16,9512.686302286673,2026-03-01 00:58:26.174999,1
A13,B71,8371.402313725263,2025-12-07 00:58:26.174999,1
A8,B33,1546.2169321511408,2025-09-19 00:58:26.174999,0
A52,B61,819.8217350820403,2025-07-23 00:58:26.174999,0
A94,B90,8308.685263469737,2025-09-24 00:58:26.174999,1
A44,B20,6598.797838268819,2026-04-29 00:58:26.174999,1
A14,B27,4546.014596278099,2025-06-19 00:58:26.174999,0
A32,B89,9552.463294420326,2025-11-04 00:58:26.174999,1
A25,B88,5946.100550915919,2025-06-04 00:58:26.174999,1
A25,B81,67.99555384348986,2025-05-26 00:58:26.174999,0
A69,B2,9698.007432878252,2025-09-15 00:58:26.174999,1
A58,B39,6565.165842603332,2026-01-15 00:58:26.174999,1
A18,B54,9509.450725067325,2025-12-30 00:58:26.174999,1
A55,B85,3255.90552832715,2025-07-16 00:58:26.174999,0
A24,B13,7318.136721165573,2025-07-26 00:58:26.174999,1
A36,B85,7345.85239976432,2025-11-11 00:58:26.174999,1
A60,B67,9574.453763606878,2026-04-22 00:58:26.174999,1
A32,B35,5695.89277395538,2026-04-01 00:58:26.174999,1
A10,B80,2121.554941789475,2026-04-24 00:58:26.174999,0
A57,B78,496.3356635538042,2025-06-29 00:58:26.174999,0
A71,B90,6440.003854905893,2025-11-28 00:58:26.174999,1
A13,B18,3238.4767584017527,2026-01-01 00:58:26.174999,0
A7,B54,564.7948896181721,2025-08-20 00:58:26.174999,0
A84,B14,716.5336496091678,2025-11-14 00:58:26.174999,0
A70,B66,9519.482884532901,2025-10-10 00:58:26.174999,1
A2,B93,3820.0953898175403,2025-12-28 00:58:26.174999,0
A12,B80,3994.5963846079057,2026-03-27 00:58:26.174999,0
A97,B16,1788.3278997868329,2025-09-23 00:58:26.174999,0
A31,B37,9650.842605017617,2026-03-15 00:58:26.174999,1
A22,B15,8656.49995219099,2026-04-15 00:58:26.174999,1
A53,B14,900.9911936887739,2025-12-07 00:58:26.174999,0
A63,B64,8524.934874103554,2025-10-23 00:58:26.174999,1
A62,B26,1637.7774319137925,2026-03-06 00:58:26.174999,0
A28,B78,7797.1305260057625,2026-03-06 00:58:26.174999,1
A52,B26,2856.509531104626,2025-07-25 00:58:26.174999,0
A8,B100,7528.060077240915,2025-12-20 00:58:26.174999,1
A22,B34,6544.102345256547,2025-08-02 00:58:26.174999,1
A49,B67,1214.8138211852395,2026-02-09 00:58:26.174999,0
A1,B26,4913.542525120029,2025-08-08 00:58:26.174999,0
A50,B46,4329.2606099809245,2026-04-07 00:58:26.174999,0
A34,B91,8065.468427224317,2025-10-10 00:58:26.174999,1
A59,B53,3107.912059041152,2026-01-17 00:58:26.174999,0
A37,B38,6852.769799225784,2025-12-06 00:58:26.174999,1
A55,B21,1321.553818038494,2025-08-02 00:58:26.174999,0
A90,B6,6658.547759206249,2025-08-16 00:58:26.174999,1
A94,B71,8322.208214483362,2025-06-18 00:58:26.174999,1
A72,B64,5131.405724337055,2026-01-09 00:58:26.174999,1
A85,B27,4901.3341279325605,2025-08-10 00:58:26.174999,0
A92,B89,8855.276256032395,2025-08-24 00:58:26.174999,1
A63,B62,4769.632469431379,2025-12-24 00:58:26.174999,0
A20,B43,5634.940198566049,2025-06-03 00:58:26.174999,1
A25,B31,4236.4750985899655,2026-05-11 00:58:26.174999,0
A38,B1,7567.341528468863,2026-03-12 00:58:26.174999,1
A28,B2,8111.833652546092,2026-04-18 00:58:26.174999,1
A8,B86,6142.539156613459,2025-05-29 00:58:26.174999,1
A75,B12,4346.718165878621,2025-05-23 00:58:26.174999,0
A95,B15,4265.910817224868,2025-12-13 00:58:26.174999,0
A70,B74,413.9765152952161,2025-11-19 00:58:26.174999,0
A8,B86,3424.0310254915444,2025-10-06 00:58:26.174999,0
A96,B64,4640.613507387309,2026-02-02 00:58:26.174999,0
A41,B20,2250.0598211558904,2026-02-17 00:58:26.174999,0
A8,B12,6865.502993235129,2025-12-09 00:58:26.174999,1
A7,B100,1559.1463115615354,2025-09-25 00:58:26.174999,0
A75,B66,4958.269315045433,2026-01-26 00:58:26.174999,0
A62,B10,6299.300217522543,2025-09-29 00:58:26.174999,1
A65,B93,5251.531060925583,2025-11-18 00:58:26.174999,1
A68,B93,2914.1232145392105,2025-12-03 00:58:26.174999,0
A21,B13,4379.181634120936,2026-02-10 00:58:26.174999,0
A8,B33,9073.0050334143,2025-06-10 00:58:26.174999,1
A66,B83,4781.337538070445,2025-05-27 00:58:26.174999,0
A11,B30,1494.5793211610649,2026-01-10 00:58:26.174999,0
A24,B59,1286.6195859484083,2026-01-12 00:58:26.174999,0
A9,B38,9030.007150479274,2025-07-17 00:58:26.174999,1
A77,B34,8416.96416321433,2026-05-11 00:58:26.174999,1
A9,B60,5235.689649604564,2026-03-12 00:58:26.174999,1
A87,B7,2961.8615227168166,2026-03-22 00:58:26.174999,0
A31,B13,486.80546123112197,2025-06-28 00:58:26.174999,0
A52,B23,774.5598721790843,2025-10-24 00:58:26.174999,0
A16,B6,460.4980875478016,2025-10-16 00:58:26.174999,0
A73,B38,1085.2453927055687,2025-11-01 00:58:26.174999,0
A32,B47,4254.886076868056,2025-09-15 00:58:26.174999,0
A75,B87,953.8987812542789,2026-04-28 00:58:26.174999,0
A77,B41,6611.943986832326,2025-08-25 00:58:26.174999,1
A6,B55,5689.097321555907,2026-04-22 00:58:26.174999,1
A80,B95,2541.269507341249,2025-09-02 00:58:26.174999,0
A11,B15,2556.0534414635827,2025-11-12 00:58:26.174999,0
A54,B13,826.8779197244431,2026-05-14 00:58:26.174999,0
A85,B98,5039.411228764982,2025-08-06 00:58:26.174999,1
A75,B6,1148.215555084917,2025-10-11 00:58:26.174999,0
A73,B2,6619.167450920944,2026-05-06 00:58:26.174999,1
A67,B18,1803.7264366739173,2025-09-06 00:58:26.174999,0
A41,B85,1830.2592641910094,2025-12-06 00:58:26.174999,0
A34,B83,3935.643802003075,2025-08-20 00:58:26.174999,0
A27,B22,842.0727456983406,2025-09-13 00:58:26.174999,0
A86,B43,8768.785917883677,2025-12-29 00:58:26.174999,1
A92,B46,2983.4986827248636,2025-08-01 00:58:26.174999,0
A41,B57,5876.211797920658,2025-12-03 00:58:26.174999,1
A31,B80,4555.431505113609,2025-07-02 00:58:26.174999,0
A34,B35,6705.8960662408135,2026-04-18 00:58:26.174999,1
A51,B94,6241.86583772497,2026-04-14 00:58:26.174999,1
A17,B12,2658.093153461295,2025-08-06 00:58:26.174999,0
A86,B48,9667.52907143487,2026-04-05 00:58:26.174999,1
A83,B44,8714.734734311402,2025-08-10 00:58:26.174999,1
A39,B24,1880.0454206658374,2026-03-26 00:58:26.174999,0
A59,B15,1859.0230343596859,2025-08-23 00:58:26.174999,0
A41,B52,7472.822899535596,2026-03-02 00:58:26.174999,1
A97,B52,6044.488205243524,2025-09-02 00:58:26.174999,1
A10,B59,8717.44179053123,2026-04-08 00:58:26.174999,1
A2,B35,1072.2432808850042,2025-08-02 00:58:26.174999,0
A59,B50,5348.416269786455,2025-09-25 00:58:26.174999,1
A80,B89,68.41222513756907,2025-07-14 00:58:26.174999,0
A73,B62,1175.6158210554188,2025-06-24 00:58:26.174999,0
A13,B54,1725.6361585218583,2026-02-14 00:58:26.174999,0
A10,B84,4776.427540384445,2026-04-15 00:58:26.174999,0
A69,B22,6921.144237569458,2025-06-06 00:58:26.174999,1
A28,B15,8689.117404673945,2025-10-14 00:58:26.174999,1
A65,B17,9658.380037509098,2026-01-01 00:58:26.174999,1
A34,B90,6022.85552689325,2025-09-26 00:58:26.174999,1
A17,B93,4872.357714436737,2025-10-03 00:58:26.174999,0
A45,B8,6188.808751130055,2026-03-06 00:58:26.174999,1
A9,B21,9739.479702795154,2025-06-23 00:58:26.174999,1
A32,B14,3613.6805430778577,2025-12-04 00:58:26.174999,0
A48,B54,6741.293397857135,2026-04-15 00:58:26.174999,1
A37,B76,6906.030610012052,2026-02-18 00:58:26.174999,1
A21,B62,3956.0224041965666,2025-06-25 00:58:26.174999,0
A57,B73,3033.540019880794,2025-08-01 00:58:26.174999,0
A70,B87,1259.6440044029673,2025-11-30 00:58:26.174999,0
A91,B57,148.62042103791836,2025-10-02 00:58:26.174999,0
A39,B24,1128.0058996492808,2025-08-25 00:58:26.174999,0
A79,B79,168.69361269000188,2025-06-02 00:58:26.174999,0
A84,B49,9705.498432966537,2025-10-13 00:58:26.174999,1
A68,B100,8591.530182345843,2026-05-12 00:58:26.174999,1
A2,B46,2100.202508541649,2025-10-29 00:58:26.174999,0
A86,B79,6489.745984823184,2025-08-01 00:58:26.174999,1
A71,B4,6500.900862108054,2025-12-23 00:58:26.174999,1
A39,B88,4363.526853266925,2026-05-19 00:58:26.174999,0
A85,B94,6264.330919782158,2025-07-07 00:58:26.174999,1
A14,B17,7902.2152508082945,2025-11-04 00:58:26.174999,1
A18,B62,1917.2353826468775,2026-05-13 00:58:26.174999,0
A34,B63,3016.1695171111387,2026-05-18 00:58:26.174999,0
A15,B15,4639.621298835984,2026-01-27 00:58:26.174999,0
A14,B53,4745.150984187226,2025-12-08 00:58:26.174999,0
A96,B57,227.9501139627665,2025-10-16 00:58:26.174999,0
A71,B6,1669.393876829216,2026-03-06 00:58:26.174999,0
A20,B9,1532.698176804363,2026-01-10 00:58:26.174999,0
A35,B34,7028.955076025476,2026-01-28 00:58:26.174999,1
A37,B84,9639.03003868176,2025-07-27 00:58:26.174999,1
A78,B41,4720.177094534646,2025-06-11 00:58:26.174999,0
A27,B2,8599.366489951815,2025-12-06 00:58:26.174999,1
A92,B91,5856.410431145654,2025-08-23 00:58:26.174999,1
A44,B87,2021.3708160472336,2025-09-30 00:58:26.174999,0
A27,B68,5698.610312835969,2025-06-22 00:58:26.174999,1
A88,B99,8340.046942706529,2025-06-16 00:58:26.174999,1
A82,B96,518.7125803914819,2026-02-09 00:58:26.174999,0
A34,B74,88.66406698233288,2025-08-01 00:58:26.174999,0
A65,B93,6307.794704570017,2025-11-22 00:58:26.174999,1
A63,B73,7133.797218081068,2025-07-31 00:58:26.174999,1
A33,B29,9795.074509998427,2026-03-05 00:58:26.174999,1
A7,B86,8487.67644742187,2026-02-15 00:58:26.174999,1
A12,B44,7373.41235057135,2026-03-08 00:58:26.174999,1
A82,B67,5962.437110271116,2026-02-06 00:58:26.174999,1
A55,B67,5547.502207236538,2025-12-16 00:58:26.174999,1
A36,B89,2914.837574063256,2026-02-19 00:58:26.174999,0
A6,B90,4880.090166127732,2026-04-01 00:58:26.174999,0
A1,B80,4866.148596617755,2026-05-09 00:58:26.174999,0
A43,B13,5914.4823628581735,2025-08-22 00:58:26.174999,1
A99,B56,6118.83797901464,2025-07-18 00:58:26.174999,1
A17,B85,6789.892492232328,2026-05-02 00:58:26.174999,1
A82,B94,8168.725477290642,2026-03-18 00:58:26.174999,1
A34,B32,4884.135941391726,2025-08-19 00:58:26.174999,0
A21,B62,7145.7603844735,2025-11-25 00:58:26.174999,1
A95,B45,5287.8050013632055,2026-04-17 00:58:26.174999,1
A57,B85,4225.825429918389,2025-12-06 00:58:26.174999,0
A71,B87,3165.3430008666533,2025-12-12 00:58:26.174999,0
A91,B83,644.4705837652843,2026-01-25 00:58:26.174999,0
A55,B50,8929.843189392386,2025-06-20 00:58:26.174999,1
A72,B20,4177.203206364174,2026-02-05 00:58:26.174999,0
A2,B72,4738.64633573769,2026-02-08 00:58:26.174999,0
A15,B79,4952.9401154871275,2025-12-18 00:58:26.174999,0
A10,B7,9390.255115593494,2026-02-28 00:58:26.174999,1
A89,B2,3474.173492556591,2025-10-17 00:58:26.174999,0
A20,B83,6978.169259488119,2026-01-04 00:58:26.174999,1
A70,B21,217.86117785961133,2026-01-23 00:58:26.174999,0
A5,B65,2887.227706721643,2026-01-31 00:58:26.174999,0
A48,B61,1930.0909620352973,2025-11-22 00:58:26.174999,0
A75,B64,3445.0354241335817,2026-05-09 00:58:26.174999,0
A71,B22,2328.7101002878176,2026-03-13 00:58:26.174999,0
A19,B10,2204.8264269583706,2025-10-09 00:58:26.174999,0
A56,B97,9091.610840133511,2026-03-20 00:58:26.174999,1
A17,B63,3398.138456405241,2025-11-11 00:58:26.174999,0
A6,B42,6024.980326712156,2026-05-09 00:58:26.174999,1
A40,B31,8426.246674245891,2025-10-07 00:58:26.174999,1
A47,B43,6573.011783361347,2026-02-05 00:58:26.174999,1
A6,B36,1320.2740852751,2025-11-09 00:58:26.174999,0
A46,B7,2941.0064793580773,2026-04-27 00:58:26.174999,0
A27,B65,7116.738007588748,2025-10-06 00:58:26.174999,1
A88,B29,9598.435649085359,2025-10-10 00:58:26.174999,1
A32,B71,8332.476650495513,2025-10-30 00:58:26.174999,1
A86,B83,6734.341863456941,2026-02-10 00:58:26.174999,1
A14,B49,7348.500475875683,2026-02-06 00:58:26.174999,1
A46,B52,7961.7669103929775,2025-11-09 00:58:26.174999,1
A100,B31,7999.55303907176,2025-07-24 00:58:26.174999,1
A72,B11,8446.867527057508,2026-03-20 00:58:26.174999,1
A53,B59,6222.20536053191,2026-04-05 00:58:26.174999,1
A80,B57,2831.7475805436698,2026-02-22 00:58:26.174999,0
A96,B74,7495.050475307234,2025-09-05 00:58:26.174999,1
A20,B58,6673.893959031021,2025-07-30 00:58:26.174999,1
A31,B12,1299.6745746670522,2025-08-31 00:58:26.174999,0
A21,B64,2002.8473857907784,2026-03-21 00:58:26.174999,0
A23,B58,6061.432582489665,2026-02-28 00:58:26.174999,1
A53,B41,1018.0282184994943,2026-02-04 00:58:26.174999,0
A4,B16,4165.683775776001,2026-03-22 00:58:26.174999,0
A23,B64,9937.734681459617,2025-09-14 00:58:26.174999,1
A95,B96,3043.4824150416393,2025-07-17 00:58:26.174999,0
A43,B84,2102.2350841219486,2025-11-20 00:58:26.174999,0
A53,B3,480.0228679375316,2025-12-11 00:58:26.174999,0
A86,B14,191.12465079337062,2025-10-22 00:58:26.174999,0
A95,B52,8810.252008776903,2026-02-14 00:58:26.174999,1
A32,B53,3576.8683096208365,2026-02-04 00:58:26.174999,0
A35,B5,1594.4685963943655,2026-04-06 00:58:26.174999,0
A21,B72,8281.207397252485,2025-09-05 00:58:26.174999,1
A90,B71,8945.630131809072,2025-11-19 00:58:26.174999,1
A14,B1,329.3803776062071,2025-09-20 00:58:26.174999,0
A49,B12,646.0192065981782,2026-01-12 00:58:26.174999,0
A5,B78,4311.898420889326,2025-09-04 00:58:26.174999,0
A61,B80,6179.453586225477,2026-03-26 00:58:26.174999,1
A29,B82,1215.6734478786184,2025-10-01 00:58:26.174999,0
A26,B39,2248.715431010643,2026-05-14 00:58:26.174999,0
A59,B66,2585.643188630727,2026-05-19 00:58:26.174999,0
A45,B72,3409.838897742399,2025-11-09 00:58:26.174999,0
A40,B27,3558.857356056908,2025-10-19 00:58:26.174999,0
A30,B84,476.2968199942106,2025-10-30 00:58:26.174999,0
A29,B86,8778.359335174064,2026-04-01 00:58:26.174999,1
A4,B59,2682.237443210287,2025-11-22 00:58:26.174999,0
A85,B44,1520.2719542052398,2025-11-19 00:58:26.174999,0
A25,B47,6904.4544675813595,2025-12-15 00:58:26.174999,1
A52,B7,5158.720552972345,2026-04-19 00:58:26.174999,1
A43,B29,6698.164042609771,2025-10-12 00:58:26.174999,1
A36,B59,7066.985124004752,2025-06-23 00:58:26.174999,1
A9,B43,9267.054663547982,2025-12-20 00:58:26.174999,1
A99,B72,4383.888797550491,2026-01-25 00:58:26.174999,0
A36,B99,4576.785041666362,2025-05-28 00:58:26.174999,0
A45,B80,8417.553771287841,2026-04-09 00:58:26.174999,1
A83,B77,1118.1991410765868,2025-06-23 00:58:26.174999,0
A66,B61,1067.8596753530755,2025-06-27 00:58:26.174999,0
A52,B92,6109.61971268402,2025-11-04 00:58:26.174999,1
A87,B85,7823.741015086249,2025-09-23 00:58:26.174999,1
A69,B47,9474.361104500753,2026-05-14 00:58:26.174999,1
A43,B92,8237.866177924752,2026-01-02 00:58:26.174999,1
A4,B58,429.2746776937262,2025-06-25 00:58:26.174999,0
A15,B15,1063.0567266702092,2025-12-08 00:58:26.174999,0
A34,B13,6302.961900378858,2026-04-29 00:58:26.174999,1
A23,B98,8709.986046789649,2026-03-11 00:58:26.174999,1
A75,B85,9110.747847652196,2026-01-15 00:58:26.174999,1
A34,B29,1578.7551480994314,2026-02-21 00:58:26.174999,0
A5,B1,2928.308647308885,2025-08-06 00:58:26.174999,0
A14,B44,4420.763921678268,2026-05-18 00:58:26.174999,0
A77,B46,5063.907200984106,2026-03-18 00:58:26.174999,1
A56,B82,7328.193422229753,2025-08-30 00:58:26.174999,1
A45,B38,1001.9494470314258,2026-03-04 00:58:26.174999,0
A94,B71,6474.458779645946,2026-03-12 00:58:26.174999,1
A41,B67,3352.729177872957,2025-06-01 00:58:26.174999,0
A56,B48,1386.3469171420093,2025-09-24 00:58:26.174999,0
A78,B90,8487.464966229232,2026-05-03 00:58:26.174999,1
A66,B14,4396.693524544465,2026-04-21 00:58:26.174999,0
A15,B6,4163.340888801968,2025-07-21 00:58:26.174999,0
A50,B22,7692.6413067118065,2026-02-04 00:58:26.174999,1
A74,B64,2460.7074855252013,2025-06-18 00:58:26.174999,0
A25,B18,8093.3607048682625,2025-12-23 00:58:26.174999,1
A33,B92,3419.787497108544,2025-11-13 00:58:26.174999,0
A6,B96,5055.177055008004,2025-07-10 00:58:26.174999,1
A91,B93,861.4862783811691,2025-10-22 00:58:26.174999,0
A56,B53,3730.6392104539677,2026-03-03 00:58:26.174999,0
A1,B14,7550.903672992706,2025-10-20 00:58:26.174999,1
A67,B33,3612.8276302524623,2026-02-23 00:58:26.174999,0
A69,B79,6653.302596599297,2026-02-22 00:58:26.174999,1
A88,B26,1524.596033130068,2025-08-30 00:58:26.174999,0
A93,B25,7537.536638760613,2026-03-06 00:58:26.174999,1
A95,B16,4223.004871489743,2025-06-14 00:58:26.174999,0
A95,B51,2289.5382192623856,2026-02-19 00:58:26.174999,0
A86,B28,8019.66909962848,2025-11-17 00:58:26.174999,1
A26,B59,4139.960093282315,2026-03-27 00:58:26.174999,0
A47,B25,4099.000100729405,2026-02-28 00:58:26.174999,0
A56,B92,4592.94310852056,2026-05-07 00:58:26.174999,0
A9,B44,8525.380889373953,2025-09-10 00:58:26.174999,1
A86,B14,7948.127390259238,2026-02-07 00:58:26.174999,1
A43,B97,3624.1259528544924,2025-12-17 00:58:26.174999,0
A80,B54,307.33164087952,2025-10-28 00:58:26.174999,0
A41,B6,1464.38721592588,2025-07-06 00:58:26.174999,0
A85,B82,109.38764750272755,2025-11-12 00:58:26.174999,0
A16,B87,8064.406188043307,2026-01-07 00:58:26.174999,1
A93,B76,9436.99197467503,2025-07-08 00:58:26.174999,1
A39,B16,856.9343631688745,2025-12-09 00:58:26.174999,0
A65,B99,3154.8976730740974,2026-05-08 00:58:26.174999,0
A40,B58,9819.629794627448,2026-05-09 00:58:26.174999,1
A86,B59,1651.6035703300088,2025-12-04 00:58:26.174999,0
A53,B85,624.0686015690114,2026-05-08 00:58:26.174999,0
A42,B76,7594.331926707673,2025-09-24 00:58:26.174999,1
A52,B65,6605.159961029613,2026-05-05 00:58:26.174999,1
A90,B18,6418.242886871184,2026-03-10 00:58:26.174999,1
A38,B64,9026.08620442321,2025-10-26 00:58:26.174999,1
A71,B1,587.5201971646576,2026-04-29 00:58:26.174999,0
A17,B68,6319.7595459272725,2025-08-19 00:58:26.174999,1
A25,B95,7136.56147504387,2025-11-10 00:58:26.174999,1
A54,B7,6607.012701476925,2025-07-20 00:58:26.174999,1
A86,B71,5202.585848397648,2025-08-27 00:58:26.174999,1
A49,B56,2964.287004387825,2026-02-25 00:58:26.174999,0
A87,B75,4026.008152134497,2026-03-03 00:58:26.174999,0
A96,B62,6811.897867626667,2026-04-01 00:58:26.174999,1
A23,B66,5540.568177973689,2026-05-15 00:58:26.174999,1
A79,B100,3050.1869995019943,2025-11-25 00:58:26.174999,0
A73,B23,7429.548045276219,2026-01-28 00:58:26.174999,1
A39,B89,9093.2162234793,2026-04-05 00:58:26.174999,1
A52,B75,88.94331270281597,2025-10-20 00:58:26.174999,0
A71,B23,2805.0096401801934,2026-04-19 00:58:26.174999,0
A1,B94,5282.639438717861,2026-03-26 00:58:26.174999,1
A39,B17,9205.301410534601,2025-09-21 00:58:26.174999,1
A37,B14,7005.9476881872215,2025-09-27 00:58:26.174999,1
A27,B50,4467.428616526385,2025-10-22 00:58:26.174999,0
A56,B85,2059.28437811823,2025-08-21 00:58:26.174999,0
A75,B77,5448.808657134719,2025-10-09 00:58:26.174999,1
A78,B78,7885.5323739773985,2026-03-15 00:58:26.174999,1
A84,B42,6523.850503094619,2025-07-18 00:58:26.174999,1
A42,B65,6977.734946079951,2025-06-30 00:58:26.174999,1
A60,B50,8877.872216106894,2026-05-22 00:58:26.174999,1
A57,B54,7817.815300383288,2025-12-14 00:58:26.174999,1
A57,B78,4051.0119994450306,2025-09-21 00:58:26.174999,0
A87,B89,1980.9845850686509,2025-09-24 00:58:26.174999,0
A28,B98,3022.2988092300775,2026-01-11 00:58:26.174999,0
A66,B32,379.3320218396229,2026-03-18 00:58:26.174999,0
A61,B36,3351.58431810167,2025-12-08 00:58:26.174999,0
A95,B51,7253.7358365328355,2025-06-20 00:58:26.174999,1
A22,B44,7403.121700882594,2025-08-19 00:58:26.174999,1
A85,B38,1268.7964034787733,2025-11-16 00:58:26.174999,0
A11,B58,9919.320455733643,2025-07-12 00:58:26.174999,1
A37,B18,2846.4393160880186,2025-06-14 00:58:26.174999,0
A66,B18,937.2674828886934,2026-04-03 00:58:26.174999,0
A85,B53,5522.340655098867,2025-09-20 00:58:26.174999,1
A82,B78,5218.145292503249,2025-09-12 00:58:26.174999,1
A80,B90,7572.892779562609,2025-08-03 00:58:26.174999,1
A43,B96,1608.6731288878852,2026-02-11 00:58:26.174999,0
A12,B66,288.6333407036225,2026-03-19 00:58:26.174999,0
A97,B39,7968.021005421333,2026-01-30 00:58:26.174999,1
A31,B90,5929.110981481634,2025-09-01 00:58:26.174999,1
A87,B71,2420.984393611308,2026-03-17 00:58:26.174999,0
A40,B41,7743.836293566089,2026-03-10 00:58:26.174999,1
A29,B92,7267.827371531957,2026-01-27 00:58:26.174999,1
A26,B95,9869.677455408075,2025-06-19 00:58:26.174999,1
A19,B71,1113.3146433721615,2026-04-10 00:58:26.174999,0
A4,B81,608.8579288677757,2026-04-04 00:58:26.174999,0
A6,B28,3736.05889167612,2025-10-28 00:58:26.174999,0
A32,B26,6273.625427856436,2025-12-29 00:58:26.174999,1
A61,B27,3551.188725582451,2025-07-12 00:58:26.174999,0
A79,B80,486.8514006438388,2026-03-30 00:58:26.174999,0
A99,B92,6513.114569515115,2026-01-15 00:58:26.174999,1
A10,B38,1256.2505559092865,2026-01-27 00:58:26.174999,0
A59,B88,2986.6315153884025,2026-01-14 00:58:26.174999,0
A54,B45,7371.218370885266,2026-02-17 00:58:26.174999,1
A81,B87,4536.940133917429,2025-06-19 00:58:26.174999,0
A74,B17,9829.676119451316,2025-12-19 00:58:26.174999,1
A25,B91,8055.821745471083,2025-12-05 00:58:26.174999,1
A92,B84,9890.110788197235,2025-05-24 00:58:26.174999,1
A90,B23,5660.316293532585,2025-09-28 00:58:26.174999,1
A50,B65,8944.445589974663,2025-06-14 00:58:26.174999,1
A64,B70,6281.166074637697,2025-07-24 00:58:26.174999,1
A52,B89,5337.553678501491,2025-08-29 00:58:26.174999,1
A32,B82,5959.533657104079,2025-08-31 00:58:26.174999,1
A19,B42,3509.8679790573124,2025-07-31 00:58:26.174999,0
A84,B91,2852.5095945041953,2026-01-06 00:58:26.174999,0
A89,B15,7850.0447356152645,2026-03-16 00:58:26.174999,1
A1,B98,7151.396137341332,2025-12-06 00:58:26.174999,1
A97,B46,6727.613682361804,2025-10-18 00:58:26.174999,1
A99,B72,7146.366278848652,2025-11-12 00:58:26.174999,1
A14,B62,5201.469807980568,2025-06-18 00:58:26.174999,1
A100,B75,2483.856979766614,2026-03-09 00:58:26.174999,0
A55,B74,3285.1911611806877,2025-07-30 00:58:26.174999,0
A29,B86,5827.86676811894,2026-05-05 00:58:26.174999,1
A23,B91,8230.198802483897,2025-11-06 00:58:26.174999,1
A90,B54,3619.062652800625,2025-07-03 00:58:26.174999,0
A67,B87,988.898438990615,2026-04-28 00:58:26.174999,0
A60,B96,7119.287803267422,2026-02-10 00:58:26.174999,1
A7,B69,8286.091918024487,2026-02-18 00:58:26.174999,1
A72,B37,828.6521627125409,2026-05-15 00:58:26.174999,0
A32,B55,631.3147887186581,2026-03-10 00:58:26.174999,0
A16,B2,8886.207875529919,2025-07-02 00:58:26.174999,1
A59,B67,4767.7681846596015,2026-05-05 00:58:26.174999,0
A18,B14,4467.179229557112,2026-01-21 00:58:26.174999,0
A60,B4,3699.24922094834,2026-03-01 00:58:26.174999,0
A86,B49,5267.293475519936,2025-10-31 00:58:26.174999,1
A68,B19,5886.512184397092,2025-12-08 00:58:26.174999,1
A72,B7,5194.260544184289,2026-05-17 00:58:26.174999,1
A77,B86,3953.8769269840996,2025-08-03 00:58:26.174999,0
A41,B8,2644.3001584499675,2025-09-18 00:58:26.174999,0
A97,B26,4993.284784020832,2025-09-17 00:58:26.174999,0
A57,B35,4239.987727963571,2025-11-27 00:58:26.174999,0
A79,B97,4406.3987497485305,2026-02-15 00:58:26.174999,0
A93,B21,9311.045720567718,2025-07-05 00:58:26.174999,1
A65,B37,4900.515256075951,2025-07-31 00:58:26.174999,0
A55,B88,9732.992106937276,2025-10-27 00:58:26.174999,1
A71,B33,8239.880184730882,2025-10-03 00:58:26.174999,1
A58,B19,1452.0183516502452,2026-02-02 00:58:26.174999,0
A21,B8,1279.9685389756883,2025-10-02 00:58:26.174999,0
A96,B89,7114.394170958928,2025-07-08 00:58:26.174999,1
A61,B38,1302.5580279576602,2026-01-08 00:58:26.174999,0
A58,B27,7048.201601108334,2025-08-16 00:58:26.174999,1
A34,B97,8634.08385937005,2025-10-09 00:58:26.174999,1
A97,B70,1189.4009951335365,2026-03-23 00:58:26.174999,0
A32,B5,2134.298964215587,2025-12-30 00:58:26.174999,0
A82,B46,4738.822061760334,2025-06-21 00:58:26.174999,0
A36,B58,7467.498097321603,2025-09-01 00:58:26.176000,1
A99,B14,9441.254914959345,2025-12-01 00:58:26.176000,1
A100,B79,3699.627275748227,2025-12-01 00:58:26.176000,0
A67,B87,9518.699310246653,2026-02-16 00:58:26.176000,1
A63,B95,6019.986135249248,2026-01-12 00:58:26.176000,1
A81,B72,4092.1123928744955,2025-11-29 00:58:26.176000,0
A31,B29,1217.4556166094821,2025-09-15 00:58:26.176000,0
A36,B96,5721.9298967198265,2025-08-14 00:58:26.176000,1
A57,B83,412.4185944538355,2025-10-01 00:58:26.176000,0
A10,B72,1541.5120618510596,2025-06-17 00:58:26.176000,0
A92,B50,3720.9588683113197,2026-04-03 00:58:26.176000,0
A37,B31,9910.290810174145,2025-06-14 00:58:26.176000,1
A31,B66,3039.5682262396294,2025-11-28 00:58:26.176000,0
A35,B90,4864.396149959401,2025-08-30 00:58:26.176000,0
A43,B37,7914.124973693975,2026-01-08 00:58:26.176000,1
A41,B89,1429.9766592687893,2026-04-20 00:58:26.176000,0
A70,B86,5900.346198926509,2025-11-16 00:58:26.176000,1
A11,B7,496.02395533649775,2025-10-16 00:58:26.176000,0
A18,B49,8943.58675456485,2025-06-28 00:58:26.176000,1
A20,B50,8891.6814903318,2026-05-09 00:58:26.176000,1
A30,B54,2163.6587424497343,2025-08-17 00:58:26.176000,0
A50,B88,8193.059441590358,2026-03-19 00:58:26.176000,1
A89,B41,4893.048625892673,2026-04-04 00:58:26.176000,0
A20,B71,1232.0557759694575,2026-01-26 00:58:26.176000,0
A91,B7,3493.0029456687694,2025-09-30 00:58:26.176000,0
A28,B2,8705.561094033554,2026-03-27 00:58:26.176000,1
A9,B96,4181.575791589561,2026-03-22 00:58:26.176000,0
A54,B33,5734.860326975001,2025-08-14 00:58:26.176000,1
A53,B26,5661.982120940241,2025-05-23 00:58:26.176000,1
A43,B80,9003.870006761359,2025-12-22 00:58:26.176000,1
A70,B100,7815.679995039725,2026-03-19 00:58:26.176000,1
A60,B57,4757.523208903187,2025-11-26 00:58:26.176000,0
A54,B29,7203.13461883737,2025-12-16 00:58:26.176000,1
A8,B82,6061.040005063771,2025-10-03 00:58:26.176000,1
A27,B91,7621.892802669388,2025-10-11 00:58:26.176000,1
A54,B91,5052.590974109158,2025-08-12 00:58:26.176000,1
A50,B83,4614.752284058712,2026-04-10 00:58:26.176000,0
A99,B48,4504.7946195716795,2025-09-06 00:58:26.176000,0
A75,B97,4496.256640988112,2026-02-18 00:58:26.176000,0
A90,B76,8664.792070100924,2025-10-31 00:58:26.176000,1
A3,B70,3258.910702632789,2025-09-03 00:58:26.176000,0
A98,B95,8000.118095736626,2026-02-12 00:58:26.176000,1
A74,B78,6648.378101063213,2026-03-11 00:58:26.176000,1
A49,B26,4102.186987686744,2025-06-08 00:58:26.176000,0
A62,B100,2335.8946107584366,2026-01-29 00:58:26.176000,0
A1,B93,3960.017320711827,2026-05-14 00:58:26.176000,0
A46,B25,5414.534563405356,2026-02-10 00:58:26.176000,1
A39,B38,9581.214125884577,2025-11-22 00:58:26.176000,1
A97,B58,8901.531219456576,2025-08-26 00:58:26.176000,1
A50,B23,7361.768816567787,2025-07-19 00:58:26.176000,1
A54,B88,6462.706131297451,2026-03-06 00:58:26.176000,1
A69,B10,8660.876197550382,2025-08-07 00:58:26.176000,1
A96,B24,7075.0141753091875,2025-08-24 00:58:26.176000,1
A95,B23,5724.227988457613,2025-08-27 00:58:26.176000,1
A70,B95,7963.626226546134,2026-04-28 00:58:26.176000,1
A78,B66,7076.914501975419,2025-08-23 00:58:26.176000,1
A29,B16,5614.833107181975,2025-11-18 00:58:26.176000,1
A63,B49,1246.57829741167,2025-08-19 00:58:26.176000,0
A29,B6,5597.934704129911,2026-01-25 00:58:26.176000,1
A35,B55,1932.3430660525823,2025-06-01 00:58:26.176000,0
A56,B36,6190.8535076150665,2025-08-24 00:58:26.176000,1
A63,B72,5772.787275899764,2026-02-26 00:58:26.176000,1
A4,B34,538.2151160639154,2025-11-12 00:58:26.176000,0
A50,B17,5706.74138845742,2026-03-02 00:58:26.176000,1
A44,B21,1902.0647700732954,2026-04-01 00:58:26.176000,0
A86,B75,4763.598564649831,2025-06-08 00:58:26.176000,0
A87,B33,8969.674159634516,2026-02-27 00:58:26.176000,1
A52,B1,1211.6289326247681,2025-07-01 00:58:26.176000,0
A93,B43,9362.456281805602,2025-07-02 00:58:26.176000,1
A22,B60,1805.6365802447783,2025-07-10 00:58:26.176000,0
A60,B91,199.54609957989695,2026-01-27 00:58:26.176000,0
A17,B20,7869.702889814912,2026-03-06 00:58:26.176000,1
A80,B6,2460.4140769586606,2025-08-19 00:58:26.176000,0
A69,B20,7059.120845949539,2025-07-14 00:58:26.176000,1
A4,B42,8877.681729120999,2025-10-17 00:58:26.176000,1
A51,B77,4447.852398646123,2026-02-08 00:58:26.176000,0
A76,B7,8071.141031012708,2025-12-31 00:58:26.176000,1
A73,B100,6072.479663275982,2026-04-27 00:58:26.176000,1
A85,B81,4023.960673831711,2025-10-29 00:58:26.176000,0
A4,B79,459.38660330933044,2025-12-22 00:58:26.176000,0
A11,B85,8621.12361378334,2025-11-04 00:58:26.176000,1
A83,B39,242.3998510551896,2025-08-28 00:58:26.176000,0
A55,B63,4375.80402369257,2025-10-19 00:58:26.176000,0
A18,B74,4155.214870574539,2025-09-21 00:58:26.176000,0
A60,B71,8597.887620283205,2025-09-25 00:58:26.176000,1
A24,B46,3180.650529312266,2025-12-09 00:58:26.176000,0
A7,B10,2579.2061537455065,2026-03-14 00:58:26.176000,0
A34,B91,1155.2997951810305,2025-12-20 00:58:26.176000,0
A49,B41,1002.3429941562925,2026-05-22 00:58:26.176000,0
A42,B68,1689.878366743503,2026-04-14 00:58:26.176000,0
A28,B29,1448.9021867875945,2026-01-14 00:58:26.176000,0
A59,B24,2562.9897079271364,2025-05-25 00:58:26.176000,0
A42,B67,905.3893491680275,2025-08-11 00:58:26.176000,0
A44,B9,3074.874241442424,2025-06-14 00:58:26.176000,0
A98,B65,4078.6915785767105,2025-12-14 00:58:26.176000,0
A49,B21,1700.21856940201,2026-02-05 00:58:26.176000,0
A36,B54,6148.609533396528,2025-07-13 00:58:26.176000,1
A97,B70,3259.6540548858325,2025-07-22 00:58:26.176000,0
A54,B69,281.4402122488107,2026-04-18 00:58:26.176000,0
A33,B52,594.4328047131227,2026-04-22 00:58:26.176000,0
A11,B12,3905.497715223243,2025-10-24 00:58:26.176000,0
A61,B45,3207.2142237661837,2026-03-12 00:58:26.176000,0
A3,B29,4134.099891865105,2026-03-10 00:58:26.176000,0
A96,B28,3248.9357300606634,2025-09-18 00:58:26.176000,0
A70,B85,3761.376451450283,2026-03-01 00:58:26.176000,0
A7,B43,8279.13657259956,2026-01-18 00:58:26.176000,1
A45,B43,1218.4529723842616,2025-11-03 00:58:26.176000,0
A29,B47,2033.5689855652547,2026-03-02 00:58:26.176000,0
A84,B38,7523.816052333087,2025-06-26 00:58:26.176000,1
A9,B28,5864.430477712648,2025-10-20 00:58:26.176000,1
A100,B97,4934.8646146142955,2025-11-03 00:58:26.176000,0
A84,B80,7526.375886717203,2025-07-24 00:58:26.176000,1
A6,B68,3856.636309505082,2026-02-12 00:58:26.176000,0
A97,B61,1159.662905113268,2026-01-15 00:58:26.176000,0
A4,B72,615.7134592546602,2025-11-24 00:58:26.176000,0
A32,B97,4653.587097120878,2026-04-16 00:58:26.176000,0
A26,B84,4076.6938712740503,2026-01-27 00:58:26.176000,0
A3,B2,4846.873384481484,2026-01-01 00:58:26.176000,0
A80,B15,4080.8629595419575,2026-03-12 00:58:26.176000,0
A20,B86,2345.0671530381856,2025-10-29 00:58:26.176000,0
A31,B45,8862.697401315287,2026-03-20 00:58:26.176000,1
A17,B58,2698.9057863892003,2025-07-27 00:58:26.176000,0
A61,B31,9635.112131430695,2025-06-12 00:58:26.176000,1
A86,B83,6754.223315895192,2026-03-06 00:58:26.176000,1
A15,B79,2470.697798148938,2026-02-06 00:58:26.176000,0
A73,B80,5551.527426086318,2025-10-07 00:58:26.176000,1
A28,B32,7854.289724636507,2026-03-11 00:58:26.176000,1
A60,B6,3053.082291236325,2025-06-12 00:58:26.176000,0
A90,B88,4073.391754965206,2026-01-01 00:58:26.176000,0
A33,B42,848.2444722526945,2025-12-06 00:58:26.176000,0
A99,B49,6361.631954605277,2026-05-17 00:58:26.176000,1
A48,B15,2042.5344993992665,2025-06-30 00:58:26.176000,0
A22,B50,9679.436012076188,2026-03-23 00:58:26.176000,1
A78,B33,3739.3191523774935,2025-08-29 00:58:26.176000,0
A78,B70,9853.234067486237,2025-12-14 00:58:26.176000,1
A96,B93,7822.416390025341,2025-08-27 00:58:26.176000,1
A92,B37,5379.980941836537,2026-03-31 00:58:26.176000,1
A15,B4,4243.287041588928,2025-07-05 00:58:26.176000,0
A100,B67,9115.81239101269,2025-07-20 00:58:26.176000,1
A21,B99,4522.902591880433,2025-09-23 00:58:26.176000,0
A40,B48,20.00057554476433,2026-01-24 00:58:26.176000,0
A14,B66,4651.874016683796,2025-06-18 00:58:26.176000,0
A75,B66,8295.424129971056,2025-10-10 00:58:26.176000,1
A4,B58,2899.602053791715,2025-12-21 00:58:26.176000,0
A40,B63,9721.097222284547,2026-03-20 00:58:26.176000,1
A74,B6,15.423887753102296,2025-08-18 00:58:26.176000,0
A87,B38,9335.733092269964,2025-07-14 00:58:26.176000,1
A49,B84,4827.040736155929,2025-10-02 00:58:26.176000,0
A51,B25,5982.698837491725,2026-03-05 00:58:26.176000,1
A92,B42,8396.482339003518,2026-04-16 00:58:26.176000,1
A26,B66,3807.7336092474025,2025-11-29 00:58:26.176000,0
A10,B11,3520.665023892837,2026-01-03 00:58:26.176000,0
A76,B13,6325.747338052197,2026-05-02 00:58:26.176000,1
A89,B22,5855.740072939061,2025-11-08 00:58:26.176000,1
A81,B99,5108.180931808798,2026-01-12 00:58:26.176000,1
A32,B69,464.39245583525866,2026-03-26 00:58:26.176000,0
A14,B69,7394.437626492619,2025-07-06 00:58:26.176000,1
A90,B1,5635.184963633514,2025-09-26 00:58:26.176000,1
A99,B81,3013.3771018404796,2025-10-16 00:58:26.176000,0
A39,B9,3959.0959624000543,2025-07-27 00:58:26.176000,0
A88,B27,1238.5398797443213,2026-02-25 00:58:26.176000,0
A77,B86,1405.1061802617235,2025-05-24 00:58:26.176000,0
A16,B81,5569.226024212124,2025-06-02 00:58:26.176000,1
A73,B100,2801.7884007395064,2025-09-15 00:58:26.176000,0
A6,B28,4325.304696160504,2025-12-24 00:58:26.176000,0
A45,B88,6108.348641568081,2026-01-27 00:58:26.176000,1
A69,B55,9574.597565252669,2025-08-28 00:58:26.176000,1
A55,B14,3189.856378737664,2026-03-31 00:58:26.176000,0
A85,B27,6824.188949723769,2026-04-07 00:58:26.176000,1
A48,B69,3432.926210577392,2025-07-18 00:58:26.176000,0
A9,B90,2620.9917285040538,2025-07-20 00:58:26.176000,0
A65,B95,7529.413071054692,2025-11-18 00:58:26.176000,1
A83,B100,4532.653630431005,2026-01-19 00:58:26.176000,0
A44,B56,2466.823567048813,2025-06-16 00:58:26.176000,0
A2,B83,9830.389252105102,2025-09-11 00:58:26.176000,1
A54,B10,3422.881749452149,2025-05-28 00:58:26.176000,0
A63,B96,4603.39542210353,2025-10-13 00:58:26.176000,0
A14,B88,5999.141536215602,2025-10-19 00:58:26.176000,1
A56,B20,168.58741544963496,2026-04-23 00:58:26.176000,0
A47,B4,6921.532153307796,2025-06-30 00:58:26.176000,1
A82,B59,6467.968486274445,2026-03-30 00:58:26.176000,1
A59,B92,30.454659773257383,2025-12-30 00:58:26.176000,0
A91,B43,4770.524211173874,2026-01-01 00:58:26.176000,0
A20,B5,9015.435489905552,2026-01-14 00:58:26.176000,1
A56,B12,6730.33697727043,2025-06-29 00:58:26.176000,1
A23,B10,4137.49869765601,2025-09-04 00:58:26.176000,0
A94,B7,8953.7290903772,2025-12-05 00:58:26.176000,1
A67,B23,7035.963753796199,2025-10-20 00:58:26.176000,1
A84,B33,7627.027762561909,2025-06-15 00:58:26.176000,1
A35,B72,5385.933222477706,2026-01-14 00:58:26.176000,1
A79,B10,7875.179297092822,2025-11-21 00:58:26.176000,1
A69,B74,6494.481788397969,2026-04-10 00:58:26.176000,1
A100,B30,784.4559319399798,2026-05-16 00:58:26.176000,0
A62,B34,319.16573007997926,2026-04-01 00:58:26.176000,0
A60,B53,8322.517807650605,2025-05-22 00:58:26.176000,1
A56,B50,6719.414650777846,2025-09-16 00:58:26.176000,1
A94,B58,6725.736672602011,2026-01-18 00:58:26.176000,1
A76,B81,3536.4173761805127,2025-07-27 00:58:26.176000,0
A35,B52,8129.684660732751,2025-09-11 00:58:26.176000,1
A42,B56,8276.393682562526,2026-01-29 00:58:26.176000,1
A32,B41,3586.0777472231,2025-07-24 00:58:26.176000,0
A12,B3,1780.0945028146084,2025-10-12 00:58:26.176000,0
A36,B50,7681.978785176413,2025-06-16 00:58:26.176000,1
A58,B87,6973.331042439617,2026-01-06 00:58:26.176000,1
A32,B16,94.22944580309819,2026-03-30 00:58:26.176000,0
A97,B69,4632.298391916614,2025-05-25 00:58:26.176000,0
A60,B1,9363.11601562782,2025-09-15 00:58:26.176000,1
A73,B83,4451.330790993119,2025-08-08 00:58:26.176000,0
A79,B93,2222.992439374424,2025-07-16 00:58:26.176000,0
A86,B80,207.61887994874775,2025-08-06 00:58:26.176000,0
A49,B9,2818.5334933455133,2025-11-11 00:58:26.176000,0
A44,B97,9214.772909767074,2025-07-16 00:58:26.176000,1
A4,B96,3584.63197911681,2025-08-30 00:58:26.176000,0
A64,B75,908.7655277896323,2025-06-15 00:58:26.176000,0
A42,B6,6138.292660311708,2025-11-08 00:58:26.176000,1
A24,B90,3038.7535395179743,2026-05-01 00:58:26.176000,0
A63,B10,7180.9172023033,2025-07-18 00:58:26.176000,1
A28,B46,2350.2368583633743,2026-03-28 00:58:26.176000,0
A46,B65,4943.148629168361,2025-07-24 00:58:26.176000,0
A34,B14,3636.361795645895,2025-06-27 00:58:26.176000,0
A44,B38,2814.7560164589454,2026-04-02 00:58:26.176000,0
A36,B88,9046.030825253103,2025-08-01 00:58:26.176000,1
A77,B39,7072.610385300289,2026-04-04 00:58:26.176000,1
A90,B78,2098.7723502612303,2026-03-23 00:58:26.176000,0
A36,B12,1968.9070722668812,2026-01-20 00:58:26.176000,0
A72,B37,8213.0234718172,2025-11-19 00:58:26.176000,1
A2,B98,3966.900933670668,2025-07-29 00:58:26.176000,0
A67,B57,8700.463162740334,2025-06-12 00:58:26.176000,1
A25,B49,5695.331291841366,2025-05-24 00:58:26.176000,1
A11,B51,4945.173101224498,2025-07-17 00:58:26.176000,0
A31,B85,5522.334021894371,2025-10-19 00:58:26.176000,1
A93,B4,6601.785827657282,2025-11-02 00:58:26.176000,1
A53,B61,5661.413407735778,2026-05-02 00:58:26.176000,1
A63,B21,6827.012177882311,2025-11-26 00:58:26.176000,1
A72,B69,5655.750935178497,2025-06-25 00:58:26.176000,1
A98,B29,662.952643750341,2025-10-09 00:58:26.176000,0
A31,B18,1291.181484924813,2025-09-29 00:58:26.176000,0
A89,B96,659.8427208739124,2025-08-02 00:58:26.176000,0
A61,B51,2603.6485622547443,2025-08-28 00:58:26.176000,0
A83,B70,5703.333873944243,2026-05-03 00:58:26.176000,1
A92,B38,2287.372100436842,2025-10-30 00:58:26.176000,0
A63,B82,5235.5687955893545,2025-07-05 00:58:26.176000,1
A58,B19,7824.70455922586,2025-10-13 00:58:26.176000,1
A3,B39,1926.5969616785278,2025-06-14 00:58:26.176000,0
A12,B87,6783.00738245952,2026-05-09 00:58:26.176000,1
A38,B94,9919.594022694298,2026-02-01 00:58:26.176000,1
A29,B83,6932.92829573577,2025-08-05 00:58:26.176000,1
A52,B48,5334.085758242167,2026-02-19 00:58:26.176000,1
A89,B2,2536.6815117746346,2026-05-10 00:58:26.176000,0
A32,B71,5605.558612735482,2025-07-04 00:58:26.176000,1
A40,B72,4544.721975695566,2025-12-05 00:58:26.176000,0
A85,B19,9379.52478533144,2026-04-02 00:58:26.176000,1
A75,B16,6413.25320023497,2025-12-24 00:58:26.176000,1
A48,B6,9431.311495481432,2025-10-23 00:58:26.176000,1
A61,B1,528.1093474481953,2026-05-08 00:58:26.176000,0
A71,B74,9388.20570012005,2025-10-01 00:58:26.176000,1
A68,B77,4331.1562344057265,2026-01-13 00:58:26.176000,0
A45,B51,9951.113701199667,2025-11-20 00:58:26.176000,1
A55,B69,2747.6156066802123,2025-06-07 00:58:26.176000,0
A96,B71,6804.9330195618395,2025-11-27 00:58:26.176000,1
A71,B11,4671.201408883865,2025-11-23 00:58:26.176000,0
A43,B40,3621.103712598953,2026-01-15 00:58:26.176000,0
A46,B27,7592.626929389029,2026-01-01 00:58:26.176000,1
A90,B96,8839.186392240155,2025-10-06 00:58:26.176000,1
A59,B95,2253.2365787712993,2026-04-28 00:58:26.176000,0
A35,B93,2786.550976818285,2025-12-07 00:58:26.176000,0
A40,B45,4206.420070221861,2025-09-30 00:58:26.176000,0
A33,B28,4494.126355195472,2025-05-30 00:58:26.176000,0
A30,B53,61.54124829672403,2025-07-01 00:58:26.176000,0
A16,B83,1954.1353136577538,2026-01-08 00:58:26.176000,0
A93,B66,827.2709252847991,2026-03-01 00:58:26.176000,0
A25,B19,5722.477972944471,2026-02-04 00:58:26.176000,1
A41,B21,263.46566932457495,2025-08-10 00:58:26.176000,0
A16,B24,7377.067347720441,2025-08-15 00:58:26.176000,1
A96,B29,9781.17515495862,2025-06-25 00:58:26.176000,1
A69,B79,4243.964366154217,2025-12-09 00:58:26.176000,0
A98,B33,753.6592653452021,2025-10-29 00:58:26.176000,0
A89,B25,2507.3417737096497,2025-11-25 00:58:26.176000,0
A24,B15,1653.1709368449008,2026-02-23 00:58:26.176000,0
A25,B24,3114.950517921244,2025-09-09 00:58:26.176000,0
A28,B86,6263.686922838495,2026-04-07 00:58:26.176000,1
A95,B73,976.2937127683214,2025-12-03 00:58:26.176000,0
A62,B7,4804.8645375309125,2025-11-23 00:58:26.176000,0
A36,B97,8082.510150894485,2025-07-11 00:58:26.176000,1
A93,B71,5929.3823980855705,2025-08-20 00:58:26.176000,1
A76,B60,6266.708112368415,2026-01-26 00:58:26.176000,1
A98,B83,3349.682334189644,2025-12-11 00:58:26.176000,0
A68,B71,2511.590613790334,2025-12-17 00:58:26.176000,0
A77,B10,1087.3281265871926,2026-04-01 00:58:26.176000,0
A37,B38,2391.2085335585366,2026-04-06 00:58:26.176000,0
A13,B86,3414.611659548058,2025-06-29 00:58:26.176000,0
A25,B9,553.7842731782907,2025-10-27 00:58:26.176000,0
A38,B33,3342.5486656394123,2025-12-13 00:58:26.176000,0
A30,B13,7943.170083649971,2025-07-08 00:58:26.176000,1
A47,B26,9436.040296318972,2025-09-10 00:58:26.176000,1
A23,B93,7759.737223115916,2025-06-29 00:58:26.176000,1
A39,B75,6199.469890526752,2026-02-16 00:58:26.176000,1
A2,B63,7643.344718931248,2025-11-08 00:58:26.176000,1
A91,B43,6257.234087959656,2026-02-08 00:58:26.176000,1
A69,B46,5793.555347897228,2026-01-07 00:58:26.176000,1
A17,B17,864.4916437231783,2025-05-25 00:58:26.176000,0
A36,B86,616.2625834940118,2025-09-16 00:58:26.176000,0
A6,B84,343.1033188862896,2025-11-24 00:58:26.176000,0
A7,B31,3139.6615478540693,2025-12-01 00:58:26.176000,0
A71,B13,8478.444524680846,2025-10-10 00:58:26.176000,1
A38,B37,659.6319057690794,2025-11-18 00:58:26.176000,0
A90,B80,1284.0825487628747,2026-03-02 00:58:26.176000,0
A17,B9,9191.96671974545,2026-02-25 00:58:26.176000,1
A82,B25,4424.764849151226,2025-12-08 00:58:26.176000,0
A97,B41,3021.6960293149873,2026-05-14 00:58:26.176000,0
A63,B63,6265.59026564711,2026-03-26 00:58:26.176000,1
A14,B58,667.2446884755603,2026-02-14 00:58:26.176000,0
A2,B43,6778.868930170995,2025-07-29 00:58:26.176000,1
A74,B79,5596.987935539404,2025-12-15 00:58:26.176000,1
A37,B85,2956.2185346394313,2025-09-05 00:58:26.176000,0
A61,B40,3820.7402856112553,2025-05-29 00:58:26.176000,0
A62,B89,967.344211539974,2025-06-28 00:58:26.176000,0
A57,B75,7522.113943524428,2025-08-09 00:58:26.176000,1
A44,B20,2338.7887203483397,2025-12-22 00:58:26.176000,0
A24,B73,5999.762774012038,2025-08-09 00:58:26.176000,1
A7,B73,6600.643075360666,2025-08-20 00:58:26.176000,1
A33,B47,115.95939062221535,2026-02-20 00:58:26.176000,0
A62,B41,3845.3610478896553,2025-10-31 00:58:26.176000,0
A15,B55,7953.695130324187,2025-07-10 00:58:26.176000,1
A9,B22,8800.582293167,2025-05-31 00:58:26.176000,1
A52,B1,6196.113237081217,2026-04-14 00:58:26.176000,1
A63,B41,3402.768584137447,2026-02-10 00:58:26.176000,0
A10,B32,9376.472673945153,2026-04-05 00:58:26.176000,1
A74,B29,7831.462084050931,2026-04-06 00:58:26.176000,1
A81,B92,4546.226866073584,2025-05-23 00:58:26.176000,0
A88,B95,3288.6547526140166,2025-07-20 00:58:26.176000,0
A7,B83,1932.8883611335289,2025-06-17 00:58:26.176000,0
A20,B56,1035.8696407285543,2025-10-27 00:58:26.176000,0
A20,B36,5955.7993255992305,2026-01-08 00:58:26.176000,1
A73,B47,684.769276923955,2026-03-09 00:58:26.176000,0
A39,B18,7896.270073200663,2025-11-29 00:58:26.176000,1
A11,B87,1944.209272300125,2025-08-23 00:58:26.176000,0
A32,B94,5736.389206637116,2025-11-22 00:58:26.176000,1
A16,B43,6377.263719170474,2025-10-31 00:58:26.176000,1
A72,B62,2570.2981609877806,2026-03-15 00:58:26.176000,0
A98,B60,4215.859964930854,2025-11-06 00:58:26.176000,0
A54,B58,7248.9841350339375,2026-03-30 00:58:26.176000,1
A78,B46,4451.79689293634,2025-12-23 00:58:26.176000,0
A77,B100,2439.093253950404,2025-07-12 00:58:26.176000,0
A80,B40,7972.285584287845,2025-08-04 00:58:26.176000,1
A29,B63,614.3069167847237,2026-04-10 00:58:26.176000,0
A100,B71,3123.551912228597,2025-12-08 00:58:26.176000,0
A67,B14,4364.122800202117,2026-01-27 00:58:26.176000,0
A49,B23,9597.816100422537,2025-10-08 00:58:26.176000,1
A58,B83,7546.192614017866,2026-05-02 00:58:26.176000,1
A57,B78,3118.7705198736667,2026-01-17 00:58:26.176000,0
A39,B11,8853.366881281328,2025-08-15 00:58:26.176000,1
A76,B36,7757.201687058736,2026-03-04 00:58:26.176000,1
A55,B18,1482.6165354292268,2025-06-15 00:58:26.176000,0
A40,B69,3093.657400662165,2026-01-02 00:58:26.176000,0
A73,B26,3435.5741528997473,2026-05-09 00:58:26.176000,0
A80,B34,3694.6116517708288,2025-09-11 00:58:26.176000,0
A8,B94,90.73760503254121,2026-01-28 00:58:26.176000,0
A79,B81,5868.534725384349,2025-06-01 00:58:26.176000,1
A95,B10,6786.220739592297,2026-01-30 00:58:26.176000,1
A13,B94,582.6032848022846,2026-01-17 00:58:26.176000,0
A98,B10,5076.007595759973,2026-01-27 00:58:26.176000,1
A27,B3,8353.397548637573,2025-10-09 00:58:26.176000,1
A81,B65,8588.435033228448,2025-06-25 00:58:26.176000,1
A28,B81,4226.390792762659,2026-02-01 00:58:26.176000,0
A34,B4,1962.1172251950393,2026-03-09 00:58:26.176000,0
A85,B75,2011.7153157974951,2026-05-16 00:58:26.176000,0
A11,B75,9085.917181824145,2025-12-22 00:58:26.176000,1
A21,B52,7854.785432840538,2026-01-18 00:58:26.176000,1
A31,B99,3422.103717488513,2026-05-12 00:58:26.176000,0
A23,B76,6681.922788415054,2025-07-13 00:58:26.176000,1
A71,B28,6950.86795204499,2025-09-17 00:58:26.176000,1
A10,B5,9819.41332570724,2025-10-10 00:58:26.176000,1
A21,B71,6001.625410223113,2025-10-22 00:58:26.176000,1
A1,B34,3318.1428903458013,2025-08-11 00:58:26.176000,0
A53,B70,5788.3233813591905,2025-08-13 00:58:26.176000,1
A58,B70,9631.018242413164,2025-08-05 00:58:26.176000,1
A89,B61,6164.8703414449055,2026-02-13 00:58:26.176000,1
A77,B84,4192.765930763664,2025-10-23 00:58:26.176000,0
A61,B100,1631.1770663964037,2026-02-16 00:58:26.176000,0
A38,B20,4548.477918597264,2025-08-30 00:58:26.176000,0
A5,B47,7894.0219554031255,2025-07-29 00:58:26.176000,1
A30,B51,431.4995772715465,2025-10-30 00:58:26.176000,0
A37,B29,2201.864755826714,2025-07-05 00:58:26.176000,0
A91,B99,46.933751860878,2025-08-01 00:58:26.176000,0
A37,B76,2238.02063618059,2025-11-05 00:58:26.176000,0
A90,B94,2310.437361901269,2026-01-09 00:58:26.176000,0
A59,B38,6242.96097561161,2025-05-26 00:58:26.176000,1
A10,B18,2397.800208349932,2025-11-17 00:58:26.176000,0
A88,B60,7348.515913529697,2026-01-08 00:58:26.176000,1
A30,B65,9526.356407615394,2025-10-14 00:58:26.176000,1
A34,B66,3321.835944836142,2025-11-14 00:58:26.176000,0
A81,B12,7403.4130619120515,2025-11-17 00:58:26.176000,1
A76,B51,2061.1104393685046,2026-01-22 00:58:26.176000,0
A85,B47,1850.60267703669,2025-12-10 00:58:26.176000,0
A26,B65,9898.88165538897,2025-08-19 00:58:26.176000,1
A55,B2,3634.543288117811,2025-11-21 00:58:26.176000,0
A15,B85,746.5742571300842,2026-04-13 00:58:26.176000,0
A70,B31,309.8757110638102,2025-06-02 00:58:26.176000,0
A29,B79,1160.7410330518753,2026-03-15 00:58:26.176000,0
A83,B88,2912.856391740419,2025-12-09 00:58:26.176000,0
A20,B22,1952.0904101955323,2025-05-28 00:58:26.176000,0
A35,B97,5861.007060393396,2026-01-16 00:58:26.176000,1
A19,B66,7657.672019567291,2025-08-20 00:58:26.176000,1
A10,B18,448.6092103521495,2025-07-30 00:58:26.176000,0
A8,B58,306.5588770004912,2026-03-18 00:58:26.176000,0
A22,B21,1986.2716936183554,2026-04-03 00:58:26.176000,0
A40,B23,1749.724625403142,2025-09-05 00:58:26.176000,0
A77,B73,8854.968473221126,2025-05-25 00:58:26.176000,1
A96,B73,7191.178372287022,2025-09-21 00:58:26.176000,1
A73,B85,3404.7767552499954,2025-08-21 00:58:26.176000,0
A37,B19,5549.50450202214,2025-12-13 00:58:26.176000,1
A57,B95,1793.6288937025938,2026-03-30 00:58:26.176000,0
A16,B94,224.70536030093828,2025-07-17 00:58:26.176000,0
A60,B62,8430.385392943532,2026-01-26 00:58:26.176000,1
A89,B46,9107.383012480215,2025-11-25 00:58:26.176000,1
A39,B6,219.72766701983497,2025-05-28 00:58:26.176000,0
A90,B29,6777.749266185335,2025-06-26 00:58:26.176000,1
A52,B98,3795.4383515726263,2025-08-12 00:58:26.176000,0
A35,B63,7876.2666645740355,2026-01-28 00:58:26.176000,1
A65,B30,1118.5804052684373,2025-09-26 00:58:26.176000,0
A70,B9,9361.77990064227,2026-01-05 00:58:26.176000,1
A64,B34,3057.6730566283663,2025-08-01 00:58:26.176000,0
A57,B48,2409.0978294067836,2026-04-25 00:58:26.176000,0
A11,B30,8096.782825215004,2025-09-29 00:58:26.176000,1
A77,B6,6612.478064983221,2025-07-10 00:58:26.176000,1
A6,B86,9412.205939173684,2025-10-10 00:58:26.176000,1
A56,B27,9771.247441859827,2025-09-10 00:58:26.176000,1
A95,B67,9976.972193016154,2025-07-24 00:58:26.176000,1
A42,B47,8817.821312716926,2025-10-11 00:58:26.176000,1
A78,B50,8785.094486119688,2026-04-19 00:58:26.176000,1
A33,B61,663.1214189808685,2026-02-24 00:58:26.176000,0
A4,B59,1452.8781356543589,2026-05-11 00:58:26.176000,0
A12,B6,9242.313117657892,2025-08-09 00:58:26.176000,1
A30,B6,7951.032183949014,2025-10-05 00:58:26.176000,1
A87,B84,1924.896108584266,2025-08-09 00:58:26.176000,0
A74,B42,3788.1733385964885,2025-06-24 00:58:26.176000,0
A76,B14,3748.8104663516324,2026-04-23 00:58:26.176000,0
A3,B91,5999.496134453313,2025-11-26 00:58:26.176000,1
A98,B67,9770.045587532728,2025-09-20 00:58:26.176000,1
A87,B82,2453.050892956002,2025-05-26 00:58:26.176000,0
A35,B36,471.4899716764158,2026-03-08 00:58:26.176000,0
A74,B95,6164.11979762752,2026-04-20 00:58:26.176000,1
A6,B34,1899.130621521249,2025-06-07 00:58:26.176000,0
A98,B75,5359.328737697642,2025-11-22 00:58:26.176000,1
A97,B70,7897.9820160134395,2026-04-19 00:58:26.176000,1
A23,B73,3283.5292390677682,2026-01-01 00:58:26.176000,0
A61,B23,542.0571609459571,2025-08-04 00:58:26.176000,0
A67,B49,7958.163081392141,2026-01-13 00:58:26.176000,1
A84,B84,8729.78640424699,2026-05-08 00:58:26.176000,1
A57,B49,8516.511357334346,2025-05-22 00:58:26.176000,1
A36,B47,9684.159231968086,2025-07-20 00:58:26.176000,1
A24,B76,8859.484534822526,2025-09-13 00:58:26.176000,1
A75,B84,2100.2833592572247,2025-10-14 00:58:26.176000,0
A56,B10,823.2629415303876,2025-05-27 00:58:26.176000,0
A82,B67,4711.9662630711655,2026-03-15 00:58:26.176000,0
A63,B33,6638.386963700619,2025-11-01 00:58:26.176000,1
A12,B49,658.0816792894972,2026-02-01 00:58:26.176000,0
A61,B29,5091.051915789226,2025-06-18 00:58:26.176000,1
A45,B67,7515.567299167786,2025-10-03 00:58:26.176000,1
A53,B52,6454.264926864588,2025-12-15 00:58:26.176000,1
A43,B46,5096.4935871133075,2025-08-20 00:58:26.176000,1
A42,B45,4990.8918834010865,2025-05-31 00:58:26.176000,0
A86,B63,4648.03010283556,2025-06-11 00:58:26.176000,0
A14,B62,3225.013097433327,2025-12-18 00:58:26.176000,0
A21,B78,3745.0484261624656,2025-12-04 00:58:26.176000,0
A43,B1,6948.151640654635,2026-01-23 00:58:26.176000,1
A53,B65,7159.34222815902,2025-08-04 00:58:26.176000,1
A89,B18,4952.972333154409,2025-09-04 00:58:26.176000,0
A64,B57,2690.671230376176,2025-10-26 00:58:26.176000,0
A37,B22,4015.4512446722,2026-03-10 00:58:26.176000,0
A85,B30,9212.640384646791,2025-08-19 00:58:26.176000,1
A52,B10,5843.98638882395,2025-06-08 00:58:26.176000,1
A98,B66,375.67883461657084,2025-07-26 00:58:26.176000,0
A71,B83,2203.0675637714367,2025-12-12 00:58:26.176000,0
A5,B36,2037.974962191878,2026-05-19 00:58:26.176000,0
A59,B28,8633.050954278573,2025-07-14 00:58:26.176000,1
A12,B20,3965.040754629308,2026-04-25 00:58:26.176000,0
A41,B24,3066.930372834043,2025-05-23 00:58:26.176000,0
A33,B21,8888.202206172487,2025-11-20 00:58:26.176000,1
A42,B47,5717.990163717576,2025-07-26 00:58:26.176000,1
A15,B78,9355.634080811527,2026-03-22 00:58:26.176000,1
A99,B92,3747.332479303681,2026-04-16 00:58:26.176000,0
A52,B16,5510.014219408791,2025-07-12 00:58:26.176000,1
A66,B85,1351.9598521196192,2026-04-20 00:58:26.176000,0
A1,B30,849.4412120992664,2025-08-24 00:58:26.176000,0
A85,B54,4450.608100988112,2025-10-23 00:58:26.176000,0
A70,B43,3522.2337668349883,2026-03-01 00:58:26.176000,0
A60,B93,5843.782625056935,2026-02-12 00:58:26.176000,1
A53,B15,4657.878579553203,2026-01-15 00:58:26.176000,0
A7,B62,6215.046939852655,2025-07-19 00:58:26.176000,1
A25,B87,4266.762412391606,2026-02-20 00:58:26.176000,0
A67,B62,4680.834377487983,2026-02-19 00:58:26.176000,0
A47,B62,4095.438225801618,2026-05-07 00:58:26.176000,0
A80,B27,8046.999608281665,2025-06-24 00:58:26.176000,1
A97,B76,3177.034053187552,2025-09-11 00:58:26.176000,0
A64,B21,3829.885556973031,2026-03-22 00:58:26.176000,0
A81,B83,1803.8616527055804,2025-12-04 00:58:26.176000,0
A57,B53,2345.5660922347934,2026-04-07 00:58:26.176000,0
A98,B3,6457.094977931123,2026-04-04 00:58:26.176000,1
A7,B32,3597.338422505138,2025-10-28 00:58:26.176000,0
A27,B6,833.3609251099301,2025-08-02 00:58:26.176000,0
A35,B17,8427.607857977087,2025-05-29 00:58:26.176000,1
A71,B74,5132.781984888407,2025-06-06 00:58:26.176000,1
A17,B76,6440.1074480325615,2025-11-05 00:58:26.176000,1
A37,B21,7860.874226402381,2025-10-26 00:58:26.176000,1
A57,B18,9266.793132909674,2025-11-08 00:58:26.176000,1
A90,B81,993.107005914248,2025-05-31 00:58:26.176000,0
A63,B66,722.7732860205059,2025-09-22 00:58:26.176000,0
A16,B6,392.43103813231176,2026-03-13 00:58:26.176000,0
A4,B74,2011.062902616268,2025-11-28 00:58:26.176000,0
A81,B19,1974.496765466944,2026-02-18 00:58:26.176000,0
A78,B8,3299.120512587846,2026-04-03 00:58:26.176000,0
A31,B22,3034.1286715467363,2025-12-14 00:58:26.176000,0
A91,B34,8157.492149227438,2025-11-22 00:58:26.176000,1
A21,B24,6838.557904780118,2026-02-21 00:58:26.176000,1
A40,B67,2751.9009194859705,2025-05-25 00:58:26.176000,0
A71,B52,7059.369950028509,2025-10-14 00:58:26.176000,1
A2,B77,9979.977097341958,2026-01-13 00:58:26.176000,1
A71,B73,9984.066927369251,2025-09-09 00:58:26.176000,1
A53,B82,7526.309733053235,2026-04-06 00:58:26.176000,1
A12,B3,7400.8118492798885,2026-02-17 00:58:26.176000,1
A29,B93,9124.701476013237,2026-01-09 00:58:26.176000,1
A15,B94,95.25344523087182,2025-10-29 00:58:26.176000,0
A60,B85,3001.7467789026655,2026-02-09 00:58:26.176000,0
A16,B37,8224.865469953844,2026-01-26 00:58:26.176000,1
A83,B11,7833.4512583796295,2025-11-24 00:58:26.176000,1
A20,B28,4044.0733030340957,2025-06-25 00:58:26.176000,0
A64,B58,4063.527253869135,2025-07-02 00:58:26.176000,0
A92,B78,5803.738266754765,2026-04-11 00:58:26.176000,1
A38,B61,6556.53198963991,2025-11-30 00:58:26.176000,1
A66,B62,4725.319898012052,2025-10-03 00:58:26.176000,0
A91,B22,5131.343260801237,2026-04-04 00:58:26.176000,1
A35,B29,7613.99376701842,2025-08-27 00:58:26.176000,1
A54,B53,1501.3186199665556,2026-01-11 00:58:26.176000,0
A62,B77,3981.077797662535,2026-05-12 00:58:26.176000,0
A61,B19,2276.993760363202,2025-07-16 00:58:26.176000,0
A32,B75,7493.87938243636,2026-04-21 00:58:26.176000,1
A59,B99,4749.63813554417,2025-08-10 00:58:26.176000,0
A71,B24,5163.095251352834,2026-04-22 00:58:26.176000,1
A19,B80,7861.886735935705,2025-06-07 00:58:26.176000,1
A50,B85,7578.6367794327125,2025-11-12 00:58:26.176000,1
A25,B66,7227.878409965583,2026-04-04 00:58:26.176000,1
A77,B34,4619.397361302294,2026-02-25 00:58:26.176000,0
A66,B22,7921.2297347776575,2026-05-22 00:58:26.176000,1
A96,B93,3137.6175866243143,2025-08-25 00:58:26.176000,0
A18,B88,1886.5870549801123,2026-05-16 00:58:26.176000,0
A9,B44,7703.6093494287015,2026-05-20 00:58:26.176000,1
A36,B59,6982.433278431757,2025-12-06 00:58:26.176000,1
A99,B77,2103.7516875000383,2025-11-07 00:58:26.176000,0
A54,B76,4505.219636119245,2025-12-17 00:58:26.176000,0
A44,B9,5588.883705070165,2026-05-08 00:58:26.176000,1
A65,B30,3753.2546715297744,2025-08-05 00:58:26.176000,0
A35,B49,5779.3094016519535,2025-08-07 00:58:26.176000,1
A1,B50,1292.172951494631,2025-11-12 00:58:26.176000,0
A37,B17,9434.106471767072,2026-04-17 00:58:26.176000,1
A93,B14,106.71472886952796,2026-02-23 00:58:26.176000,0
A39,B3,8105.909835859334,2026-02-15 00:58:26.176000,1
A76,B26,8344.645826690477,2025-07-01 00:58:26.176000,1
A75,B67,3404.824196119989,2025-07-09 00:58:26.176937,0
A85,B65,4197.28168497187,2025-09-09 00:58:26.176937,0
A63,B88,6860.770430778977,2026-02-18 00:58:26.176937,1
A20,B54,4039.65348438015,2025-08-21 00:58:26.176937,0
A58,B20,7788.647612171478,2026-01-31 00:58:26.176937,1
A69,B78,5380.664023707625,2025-11-27 00:58:26.176937,1
A62,B13,3267.534350109706,2026-04-03 00:58:26.176937,0
A45,B23,242.1660048521939,2025-06-07 00:58:26.176937,0
A43,B61,7855.724529860673,2026-03-04 00:58:26.176937,1
A71,B79,9222.220463230879,2025-07-19 00:58:26.176937,1
A98,B77,1545.375482459819,2025-11-12 00:58:26.176937,0
A70,B5,9526.849081759387,2025-08-02 00:58:26.176937,1
A49,B69,3309.202776895663,2026-02-21 00:58:26.176937,0
A59,B65,6302.094677563506,2025-10-09 00:58:26.176937,1
A42,B97,6033.9978320776245,2025-05-26 00:58:26.176937,1
A25,B16,6082.294342242542,2026-02-21 00:58:26.176937,1
A90,B12,8670.778107903525,2025-09-05 00:58:26.176937,1
A31,B62,9801.919433097335,2026-03-07 00:58:26.176937,1
A74,B85,2050.0041392999865,2025-10-07 00:58:26.176937,0
A50,B17,3912.455103967006,2026-05-07 00:58:26.176937,0
A30,B78,5349.560901749685,2025-07-08 00:58:26.176937,1
A100,B70,1891.5033946411963,2026-05-03 00:58:26.176937,0
A53,B1,1095.2971773976474,2025-08-20 00:58:26.176937,0
A6,B100,5699.454969091431,2026-03-22 00:58:26.176937,1
A41,B87,4520.837912065111,2025-12-14 00:58:26.176937,0
A96,B84,8948.490511874916,2025-12-24 00:58:26.176937,1
A61,B56,941.4826509544429,2026-03-28 00:58:26.176937,0
A91,B67,1052.0886425085844,2025-11-25 00:58:26.176937,0
A49,B54,5533.5386853261625,2025-06-07 00:58:26.176937,1
A50,B48,330.2709495759264,2026-02-19 00:58:26.176937,0
A85,B6,6893.355251979868,2025-07-24 00:58:26.176937,1
A84,B90,4891.247092545901,2025-08-30 00:58:26.176937,0
A20,B68,1875.0541312098305,2026-02-26 00:58:26.176937,0
A64,B55,704.2154454018145,2026-04-01 00:58:26.176937,0
A5,B30,9630.315614678577,2025-09-10 00:58:26.176937,1
A17,B62,2845.338029987097,2026-02-13 00:58:26.176937,0
A65,B99,2338.063865662695,2025-07-18 00:58:26.176937,0
A76,B49,6599.103233208603,2026-03-04 00:58:26.176937,1
A43,B45,709.09453199871,2025-07-13 00:58:26.176937,0
A13,B76,583.9572743537725,2025-12-01 00:58:26.176937,0
A57,B95,5190.1314850923445,2025-10-02 00:58:26.176937,1
A13,B98,1726.5389112714895,2025-06-19 00:58:26.176937,0
A68,B90,8598.476400293604,2025-08-15 00:58:26.176937,1
A59,B74,4114.503730663222,2025-11-04 00:58:26.176937,0
A2,B13,1578.784195751363,2025-10-05 00:58:26.176937,0
A93,B55,1116.3320434099828,2026-03-24 00:58:26.176937,0
A19,B18,5369.165662005154,2025-06-14 00:58:26.176937,1
A53,B33,4787.728912338585,2025-08-12 00:58:26.176937,0
A84,B62,696.9422775956912,2026-04-19 00:58:26.176937,0
A20,B99,9551.4166886869,2025-11-30 00:58:26.176937,1
A10,B30,8658.337944393843,2026-01-16 00:58:26.176937,1
A61,B11,1308.0235110654396,2025-11-16 00:58:26.176937,0
A34,B37,2064.713279712753,2026-03-11 00:58:26.176937,0
A44,B77,4327.684756597742,2026-01-20 00:58:26.176937,0
A80,B70,7099.61942442714,2025-09-13 00:58:26.176937,1
A89,B53,4753.052442567234,2026-02-15 00:58:26.176937,0
A51,B33,6041.057392397246,2025-10-28 00:58:26.176937,1
A84,B25,9392.151004672305,2026-05-01 00:58:26.176937,1
A11,B1,5879.0446144170955,2025-11-20 00:58:26.176937,1
A43,B91,5029.725461382811,2026-04-22 00:58:26.176937,1
A87,B96,6851.510931886544,2025-09-19 00:58:26.176937,1
A69,B1,2761.6553654894997,2025-06-19 00:58:26.176937,0
A49,B74,84.35865455076299,2025-05-25 00:58:26.176937,0
A41,B67,1435.4929610554761,2025-07-24 00:58:26.176937,0
A81,B16,649.0607290534704,2026-04-02 00:58:26.176937,0
A92,B67,3998.376776370685,2025-08-29 00:58:26.176937,0
A98,B1,8077.582666545605,2026-04-06 00:58:26.176937,1
A63,B49,5263.3064829977275,2025-06-17 00:58:26.176937,1
A70,B84,9103.922364015865,2025-06-21 00:58:26.176937,1
A5,B27,8793.601520766888,2025-12-09 00:58:26.176937,1
A80,B89,4607.443554716762,2025-08-26 00:58:26.176937,0
A9,B41,5765.566195401973,2025-08-07 00:58:26.176937,1
A31,B53,7375.534201786784,2025-08-01 00:58:26.176937,1
A81,B47,2886.2387320885678,2025-05-28 00:58:26.176937,0
A88,B14,8811.130793688964,2025-08-23 00:58:26.176937,1
A37,B20,4568.503173920144,2025-08-28 00:58:26.176937,0
A30,B55,7006.162231847407,2025-11-02 00:58:26.176937,1
A96,B84,7119.362857308569,2025-08-16 00:58:26.176937,1
A12,B75,2981.5127869471366,2025-06-27 00:58:26.176937,0
A56,B33,6134.144841999275,2026-02-09 00:58:26.176937,1
A13,B34,8101.747800632867,2025-12-29 00:58:26.176937,1
A98,B69,1759.5116116581637,2025-12-09 00:58:26.176937,0
A82,B55,2498.856827497372,2026-03-14 00:58:26.176937,0
A91,B73,9000.646556848196,2025-10-05 00:58:26.176937,1
A13,B47,7335.107089776138,2026-02-10 00:58:26.176937,1
A57,B79,4583.703239133978,2025-12-24 00:58:26.176937,0
A22,B36,9109.222623588215,2025-07-06 00:58:26.176937,1
A89,B88,1842.6087459045284,2025-10-16 00:58:26.176937,0
A39,B51,5690.466506364839,2025-10-28 00:58:26.176937,1
A4,B97,3941.5776627470627,2025-10-12 00:58:26.176937,0
A6,B27,9457.416740255117,2025-11-10 00:58:26.176937,1
A42,B53,2404.555623282214,2026-04-10 00:58:26.176937,0
A8,B71,8706.690523011557,2025-09-13 00:58:26.176937,1
A38,B72,2745.0250074769015,2026-05-10 00:58:26.176937,0
A46,B62,6284.5512006580675,2025-09-13 00:58:26.176937,1
A48,B23,2925.9770093105935,2026-03-30 00:58:26.176937,0
A56,B48,9163.800372382782,2025-12-09 00:58:26.176937,1
A19,B72,6983.459485755206,2025-08-08 00:58:26.176937,1
A32,B72,7226.869797954893,2025-09-17 00:58:26.176937,1
A68,B62,2180.3761409094727,2025-07-14 00:58:26.176937,0
A53,B33,4939.940896471357,2025-11-04 00:58:26.176937,0
A73,B40,9923.97332162402,2025-12-17 00:58:26.176937,1
A88,B74,5532.710707344814,2025-09-10 00:58:26.176937,1
A24,B45,9953.210651380072,2025-12-26 00:58:26.176937,1
A22,B100,774.5710248232976,2025-06-06 00:58:26.176937,0
A23,B91,1061.193364179912,2025-05-30 00:58:26.176937,0
A11,B51,7667.72541208052,2026-04-24 00:58:26.176937,1
A79,B95,3266.8712284927046,2025-08-25 00:58:26.176937,0
A49,B18,4514.85047412472,2026-05-01 00:58:26.176937,0
A80,B85,2535.1385156933,2026-02-15 00:58:26.176937,0
A88,B16,5065.58507201005,2026-04-07 00:58:26.176937,1
A31,B96,4627.053192607399,2025-12-16 00:58:26.176937,0
A64,B30,741.2229652872496,2025-07-26 00:58:26.176937,0
A75,B58,6947.91228390831,2025-08-03 00:58:26.176937,1
A19,B90,7499.86404988483,2025-08-18 00:58:26.176937,1
A30,B21,3817.74412373558,2026-02-23 00:58:26.176937,0
A60,B13,7462.114797155744,2025-06-28 00:58:26.176937,1
A82,B28,8559.173717737882,2025-12-13 00:58:26.176937,1
A33,B66,3972.776535059279,2026-04-28 00:58:26.176937,0
A59,B52,117.26624029540467,2025-08-22 00:58:26.176937,0
A33,B44,1155.6803422712155,2026-05-08 00:58:26.176937,0
A86,B71,9172.1983867395,2026-04-28 00:58:26.176937,1
A2,B79,3277.832522140836,2025-12-18 00:58:26.176937,0
A60,B90,7489.273518084086,2025-11-06 00:58:26.176937,1
A37,B88,4852.744780920121,2026-02-15 00:58:26.176937,0
A87,B91,691.689340208923,2025-11-23 00:58:26.176937,0
A70,B7,5488.80111816269,2025-08-20 00:58:26.176937,1
A21,B21,2430.5131542584263,2026-04-26 00:58:26.176937,0
A10,B50,9500.684056526865,2025-06-06 00:58:26.176937,1
A57,B82,1411.1550442365506,2025-10-12 00:58:26.176937,0
A45,B1,8206.062629883194,2025-09-04 00:58:26.176937,1
A76,B12,8417.209705576684,2025-08-27 00:58:26.176937,1
A39,B19,1714.1850654525574,2026-02-20 00:58:26.176937,0
A82,B61,190.4806152270407,2025-09-04 00:58:26.176937,0
A55,B77,1014.1460593088989,2025-11-14 00:58:26.176937,0
A89,B56,2948.505090551617,2025-06-08 00:58:26.176937,0
A33,B12,5351.191792391615,2025-05-30 00:58:26.176937,1
A59,B9,3914.5865264747226,2026-04-30 00:58:26.176937,0
A39,B34,785.0771454513632,2026-02-02 00:58:26.176937,0
A26,B29,7638.2545793205045,2026-04-02 00:58:26.176937,1
A50,B48,6777.057586236225,2025-09-30 00:58:26.176937,1
A62,B11,1543.4298083348074,2026-02-16 00:58:26.176937,0
A14,B78,3587.289026659897,2026-01-29 00:58:26.176937,0
A31,B5,2174.557608418007,2025-05-23 00:58:26.176937,0
A49,B93,354.1040056791161,2025-12-10 00:58:26.176937,0
A74,B50,6753.690866438039,2026-04-15 00:58:26.176937,1
A46,B52,2169.5033307087474,2025-05-22 00:58:26.176937,0
A74,B79,6970.456212662776,2026-02-07 00:58:26.176937,1
A38,B84,8366.646400105627,2025-09-11 00:58:26.176937,1
A90,B67,8117.003141146271,2026-02-06 00:58:26.176937,1
A38,B37,6413.711770689293,2025-08-03 00:58:26.176937,1
A3,B92,7166.940227700797,2025-06-29 00:58:26.176937,1
A85,B77,8971.128702364153,2025-07-13 00:58:26.176937,1
A51,B8,3912.2777063888575,2026-05-15 00:58:26.176937,0
A36,B100,3090.1592665570006,2026-04-29 00:58:26.176937,0
A2,B23,533.6284093266083,2025-11-08 00:58:26.176937,0
A73,B82,56.610670135619074,2026-02-06 00:58:26.176937,0
A88,B64,7726.3728552325165,2025-06-04 00:58:26.176937,1
A100,B57,7673.471242154859,2026-03-24 00:58:26.176937,1
A96,B2,9288.91731749848,2025-12-25 00:58:26.176937,1
A7,B26,3752.7005877977326,2026-05-20 00:58:26.176937,0
A78,B85,2393.0178275544718,2026-01-19 00:58:26.176937,0
A96,B67,922.950436549067,2025-06-19 00:58:26.176937,0
A64,B37,4222.610477947907,2025-12-04 00:58:26.176937,0
A37,B25,9893.013343404635,2026-02-21 00:58:26.176937,1
A100,B5,3377.795258067996,2025-11-04 00:58:26.176937,0
A30,B77,1929.5966794550093,2026-01-26 00:58:26.176937,0
A78,B66,6692.805060379826,2025-11-13 00:58:26.176937,1
A46,B67,2213.47284099359,2025-10-29 00:58:26.176937,0
A29,B90,8824.037715383365,2026-04-30 00:58:26.176937,1
A82,B30,7971.272409897274,2026-03-04 00:58:26.176937,1
A25,B79,8306.202157619942,2026-03-11 00:58:26.176937,1
A80,B22,1687.1500456547353,2025-07-20 00:58:26.176937,0
A33,B87,1678.8020781404146,2026-01-16 00:58:26.176937,0
A87,B5,4162.643299548894,2025-07-08 00:58:26.176937,0
A97,B47,1085.7614476091194,2025-06-14 00:58:26.176937,0
A93,B31,3278.1432469455067,2026-01-10 00:58:26.176937,0
A99,B84,5624.920631062958,2025-10-18 00:58:26.176937,1
A85,B1,1903.5798842496185,2025-06-08 00:58:26.176937,0
A88,B21,2079.12196057983,2025-08-03 00:58:26.176937,0
A18,B12,5421.609507774476,2025-05-24 00:58:26.176937,1
A81,B36,9389.843047667475,2025-07-06 00:58:26.176937,1
A13,B100,1216.8315743785895,2025-12-15 00:58:26.176937,0
A81,B52,2145.6620670690704,2026-02-07 00:58:26.176937,0
A83,B46,3572.197495925758,2025-06-22 00:58:26.176937,0
A6,B86,1744.4793620690382,2026-01-03 00:58:26.176937,0
A40,B51,4027.373502652255,2025-10-25 00:58:26.176937,0
A57,B52,3169.2398112989504,2025-06-03 00:58:26.176937,0
A5,B76,3897.9747289087745,2026-05-17 00:58:26.176937,0
A75,B26,4593.171558147377,2025-10-22 00:58:26.176937,0
A47,B67,669.5026777910989,2025-10-23 00:58:26.176937,0
A94,B2,8152.698067142006,2025-11-10 00:58:26.176937,1
A17,B95,6502.950505263021,2025-12-31 00:58:26.176937,1
A12,B91,3696.1098104637113,2026-02-14 00:58:26.176937,0
A38,B9,682.6393726151131,2025-09-15 00:58:26.176937,0
A42,B12,2193.4229431812264,2026-01-13 00:58:26.176937,0
A96,B71,3022.327143980382,2025-07-19 00:58:26.176937,0
A54,B37,5992.70227388117,2026-05-17 00:58:26.176937,1
A23,B93,9831.193904242204,2025-07-06 00:58:26.176937,1
A26,B72,1027.1177628501187,2025-06-02 00:58:26.176937,0
A17,B75,5366.453487609961,2025-11-01 00:58:26.176937,1
A70,B45,9905.407562203829,2026-05-01 00:58:26.176937,1
A47,B45,8506.145686852624,2025-05-31 00:58:26.176937,1
A68,B36,1722.8765135771189,2025-10-05 00:58:26.176937,0
A65,B29,9590.756696734565,2026-03-18 00:58:26.176937,1
A35,B78,6002.672780083859,2025-06-17 00:58:26.176937,1
A22,B25,9814.344789627421,2025-06-03 00:58:26.176937,1
A33,B59,6966.190505786007,2026-01-28 00:58:26.176937,1
A62,B52,6782.226218628052,2026-04-16 00:58:26.176937,1
A38,B74,9723.944859924539,2025-06-30 00:58:26.176937,1
A96,B1,6940.270233064778,2026-03-25 00:58:26.176937,1
A44,B34,3327.1450080093528,2026-03-24 00:58:26.176937,0
A15,B23,6357.1809823032145,2026-03-02 00:58:26.176937,1
A60,B53,8840.83065159153,2025-09-14 00:58:26.176937,1
A10,B65,3186.490081328414,2026-04-18 00:58:26.176937,0
A19,B14,8517.026582561748,2026-02-18 00:58:26.176937,1
A97,B72,4826.482486087529,2025-08-21 00:58:26.176937,0
A29,B10,3357.701129066284,2025-12-06 00:58:26.176937,0
A87,B65,6089.247888340887,2026-02-26 00:58:26.176937,1
A93,B38,5854.518775005836,2026-01-11 00:58:26.176937,1
A87,B44,3829.890282341473,2025-06-08 00:58:26.176937,0
A51,B15,6409.513627966649,2025-06-01 00:58:26.176937,1
A72,B66,2331.930519038187,2025-10-31 00:58:26.176937,0
A47,B33,5878.810788610913,2025-12-28 00:58:26.176937,1
A12,B69,9883.924834972499,2025-08-21 00:58:26.176937,1
A51,B74,2333.7329859429715,2025-12-27 00:58:26.176937,0
A2,B33,6167.323259128785,2025-12-28 00:58:26.176937,1
A34,B89,8968.826469401427,2025-08-04 00:58:26.176937,1
A69,B57,3095.3978004425703,2026-01-09 00:58:26.176937,0
A16,B49,7381.75370634119,2026-03-28 00:58:26.176937,1
A59,B73,7574.884978555306,2026-03-22 00:58:26.176937,1
A48,B62,6201.464622639883,2025-11-01 00:58:26.176937,1
A87,B99,608.6309354318622,2026-02-08 00:58:26.176937,0
A96,B32,3751.4910486510207,2026-04-08 00:58:26.176937,0
A87,B97,2973.1811564273958,2025-08-11 00:58:26.176937,0
A34,B44,1525.1891480663558,2025-09-10 00:58:26.176937,0
A75,B100,2051.809447660808,2026-02-09 00:58:26.176937,0
A49,B59,388.6880884189827,2026-03-18 00:58:26.176937,0
A82,B88,9234.857304139667,2025-08-30 00:58:26.176937,1
A48,B59,5984.771134224744,2026-05-04 00:58:26.176937,1
A14,B76,9459.306208586877,2025-09-24 00:58:26.176937,1
A87,B4,7395.163803805006,2025-09-19 00:58:26.176937,1
A30,B62,3293.6116201529453,2026-03-28 00:58:26.176937,0
A61,B15,2788.483168648266,2026-03-26 00:58:26.176937,0
A4,B34,6439.584695338003,2026-01-25 00:58:26.176937,1
A80,B9,7607.333884132494,2026-05-03 00:58:26.176937,1
A72,B49,5213.519867359696,2025-11-05 00:58:26.176937,1
A42,B82,9775.899369528777,2026-02-17 00:58:26.176937,1
A79,B29,6483.983786545532,2026-04-10 00:58:26.176937,1
A29,B87,2891.66649354997,2025-06-01 00:58:26.176937,0
A83,B90,246.6963895992194,2026-04-18 00:58:26.176937,0
A9,B30,8470.879106979091,2026-01-19 00:58:26.176937,1
A82,B41,3319.390023304945,2025-10-11 00:58:26.176937,0
A60,B53,2430.0673474082064,2025-07-11 00:58:26.176937,0
A90,B46,5397.724403740458,2025-11-14 00:58:26.176937,1
A39,B67,9067.25425651375,2025-10-10 00:58:26.176937,1
A84,B69,6653.410130693607,2026-03-10 00:58:26.176937,1
A53,B2,2490.89711611348,2025-10-08 00:58:26.176937,0
A15,B90,6876.624888970089,2025-07-21 00:58:26.176937,1
A18,B34,7197.827175052583,2026-05-01 00:58:26.176937,1
A6,B32,6084.551344799479,2025-06-17 00:58:26.176937,1
A5,B37,3821.0443463884626,2025-09-07 00:58:26.176937,0
A39,B12,3223.1535408915524,2026-02-15 00:58:26.176937,0
A64,B52,4429.185292434151,2026-02-04 00:58:26.176937,0
A15,B87,70.36617104353435,2025-12-11 00:58:26.176937,0
A13,B96,8699.968731563586,2026-04-30 00:58:26.176937,1
A31,B44,709.1493505766636,2025-08-04 00:58:26.176937,0
A69,B10,1932.729818303492,2026-05-15 00:58:26.176937,0
A18,B71,6347.325923146348,2026-03-05 00:58:26.176937,1
A50,B23,1423.904788593668,2025-11-29 00:58:26.176937,0
A59,B61,2050.157927530664,2026-01-14 00:58:26.176937,0
A48,B41,926.6763303057957,2026-02-22 00:58:26.176937,0
A86,B46,5930.380205608773,2025-11-24 00:58:26.176937,1
A96,B28,8313.896577465373,2025-09-28 00:58:26.176937,1
A90,B74,9318.808775407742,2026-02-09 00:58:26.176937,1
A70,B35,2370.7381804970746,2025-06-27 00:58:26.176937,0
A54,B24,790.8634909103486,2026-04-24 00:58:26.176937,0
A76,B96,7252.641156659064,2025-11-03 00:58:26.176937,1
A96,B88,3121.5150684114283,2025-11-09 00:58:26.176937,0
A94,B25,7219.520919944251,2026-03-05 00:58:26.176937,1
A20,B64,2456.800332709607,2025-12-24 00:58:26.176937,0
A54,B95,1772.590693924232,2025-09-06 00:58:26.176937,0
A84,B26,2497.2046106902962,2026-04-20 00:58:26.176937,0
A13,B31,2860.675371277735,2026-01-27 00:58:26.176937,0
A63,B95,4488.2292117743245,2026-02-17 00:58:26.176937,0
A79,B31,6359.681683421105,2025-07-05 00:58:26.176937,1
A53,B34,2725.8892397257014,2026-02-12 00:58:26.176937,0
A36,B27,7815.0763649262135,2025-12-02 00:58:26.176937,1
A5,B30,809.3595591978851,2025-06-20 00:58:26.176937,0
A89,B26,9725.826452540035,2025-10-10 00:58:26.176937,1
A48,B32,3988.4622869893733,2026-05-10 00:58:26.176937,0
A28,B80,1685.9827207209742,2025-10-09 00:58:26.176937,0
A57,B46,4419.346947764944,2026-04-17 00:58:26.176937,0
A57,B20,5057.872617154182,2026-01-17 00:58:26.176937,1
A31,B100,7351.931764259714,2025-07-18 00:58:26.176937,1
A47,B14,7605.641399452282,2025-08-25 00:58:26.176937,1
A13,B16,8197.842040717882,2025-12-26 00:58:26.176937,1
A88,B11,7937.650425547266,2025-08-10 00:58:26.176937,1
A48,B87,207.91266055161947,2026-03-01 00:58:26.176937,0
A70,B85,3820.3789235629056,2026-03-10 00:58:26.176937,0
A83,B64,8541.881680946768,2025-08-15 00:58:26.176937,1
A46,B79,7590.994640778792,2025-12-11 00:58:26.176937,1
A8,B1,9216.10966547812,2026-04-23 00:58:26.176937,1
A51,B98,5955.881782372332,2026-03-26 00:58:26.176937,1
A36,B70,1536.459102131372,2025-06-06 00:58:26.176937,0
A25,B6,7269.215869048507,2026-04-19 00:58:26.176937,1
A16,B62,2580.344304298593,2025-10-25 00:58:26.176937,0
A59,B48,4641.875834654378,2025-08-30 00:58:26.176937,0
A12,B80,4541.495027612337,2025-08-22 00:58:26.176937,0
A85,B41,3757.7173804923855,2026-05-14 00:58:26.176937,0
A28,B64,6064.193312999866,2025-07-10 00:58:26.176937,1
A83,B74,728.6771003083063,2026-02-25 00:58:26.176937,0
A82,B36,1375.1969291380417,2025-12-09 00:58:26.176937,0
A77,B63,4697.892227509619,2025-11-14 00:58:26.176937,0
A3,B24,1555.6973128926602,2026-05-03 00:58:26.176937,0
A7,B98,1904.361887736348,2026-03-10 00:58:26.176937,0
A43,B66,138.21437975715554,2026-03-30 00:58:26.176937,0
A32,B36,5011.991088661422,2025-06-06 00:58:26.176937,1
A17,B51,7256.200305661823,2026-01-23 00:58:26.176937,1
A73,B29,4919.622639652393,2026-05-19 00:58:26.176937,0
A27,B97,9257.653801992858,2025-11-08 00:58:26.176937,1
A9,B74,9403.447002787518,2026-05-21 00:58:26.176937,1
A98,B17,9705.22144090025,2025-08-07 00:58:26.176937,1
A71,B7,3737.7175280193524,2026-04-23 00:58:26.176937,0
A27,B68,4900.615632347986,2025-11-05 00:58:26.176937,0
A76,B55,6414.076731542836,2025-08-05 00:58:26.176937,1
A28,B62,5887.206964281433,2026-03-22 00:58:26.176937,1
A30,B70,4093.7879735316765,2026-01-28 00:58:26.176937,0
A43,B5,397.88070786595216,2025-07-05 00:58:26.176937,0
A100,B65,9216.816452022867,2026-05-04 00:58:26.176937,1
A19,B45,3854.4118543861373,2025-08-07 00:58:26.176937,0
A77,B51,5660.429834589364,2025-08-16 00:58:26.176937,1
A1,B88,1950.339721380763,2026-04-15 00:58:26.176937,0
A36,B100,4368.616474132224,2026-05-12 00:58:26.176937,0
A19,B23,2560.031584985487,2025-06-24 00:58:26.176937,0
A17,B59,9131.729092584983,2025-09-21 00:58:26.176937,1
A70,B16,7225.230481790759,2025-08-03 00:58:26.176937,1
A33,B90,5100.987550647506,2025-06-26 00:58:26.176937,1
A23,B67,4891.332212786731,2025-11-06 00:58:26.176937,0
A15,B59,6888.009057478037,2025-12-29 00:58:26.176937,1
A85,B41,6967.589566308775,2025-06-05 00:58:26.176937,1
A4,B89,6512.554283734248,2025-07-11 00:58:26.176937,1
A17,B2,9265.922375739834,2025-11-05 00:58:26.176937,1
A2,B2,7359.2854139614865,2025-10-04 00:58:26.176937,1
A46,B87,2431.1051632648578,2026-01-21 00:58:26.176937,0
A31,B27,354.73064493738656,2025-06-07 00:58:26.176937,0
A76,B49,8133.132838461762,2025-09-13 00:58:26.176937,1
A42,B75,6313.217609737246,2025-07-13 00:58:26.176937,1
A3,B13,6767.4917317351565,2026-01-14 00:58:26.176937,1
A23,B42,6977.739510238912,2025-11-27 00:58:26.176937,1
A34,B47,6456.8820353401,2025-07-01 00:58:26.176937,1
A7,B79,2620.693677725657,2025-10-02 00:58:26.176937,0
A17,B34,4560.152994120192,2025-09-19 00:58:26.176937,0
A95,B24,6813.854178728165,2026-03-05 00:58:26.176937,1
A54,B71,2550.3374645983713,2025-10-02 00:58:26.176937,0
A68,B34,6025.47177611019,2025-08-21 00:58:26.176937,1
A15,B31,9518.264671932315,2025-11-19 00:58:26.176937,1
A96,B35,8416.743840073495,2026-01-28 00:58:26.176937,1
A9,B61,133.25050090356916,2026-03-10 00:58:26.176937,0
A61,B79,7712.012133390716,2025-12-27 00:58:26.176937,1
A58,B44,6447.529933295983,2025-06-30 00:58:26.176937,1
A100,B47,9169.659702402605,2026-02-22 00:58:26.176937,1
A47,B24,3982.6925459030044,2025-11-05 00:58:26.176937,0
A66,B64,5865.742682007807,2026-01-11 00:58:26.176937,1
A76,B55,9010.946543460188,2026-03-01 00:58:26.176937,1
A14,B27,5190.18506810361,2025-11-15 00:58:26.176937,1
A58,B54,1896.3442874051743,2026-05-12 00:58:26.176937,0
A65,B90,4235.219150458111,2025-10-13 00:58:26.176937,0
A29,B97,8299.198154616697,2025-12-20 00:58:26.176937,1
A79,B48,2536.1836416382307,2026-03-10 00:58:26.176937,0
A6,B47,3029.173463966412,2026-05-01 00:58:26.176937,0
A94,B52,9677.157475774595,2025-09-29 00:58:26.176937,1
A85,B36,6588.275738936977,2025-10-24 00:58:26.176937,1
A67,B58,3834.058217443055,2025-05-24 00:58:26.176937,0
A39,B24,3086.708876356445,2025-08-18 00:58:26.176937,0
A59,B74,4121.9738317064775,2026-01-26 00:58:26.176937,0
A83,B17,8765.240696996172,2025-10-29 00:58:26.176937,1
A4,B74,7279.244273047785,2026-03-19 00:58:26.176937,1
A8,B88,897.8456591192473,2025-07-06 00:58:26.176937,0
A62,B30,6365.440684038332,2025-11-23 00:58:26.176937,1
A52,B13,7769.144237692387,2026-02-05 00:58:26.176937,1
A55,B93,3450.484195456936,2025-10-27 00:58:26.176937,0
A88,B35,1435.7076822036736,2025-10-19 00:58:26.176937,0
A14,B31,7489.81342377633,2025-10-21 00:58:26.176937,1
A63,B72,9300.868490751232,2025-09-29 00:58:26.176937,1
A92,B56,3985.722494744508,2025-10-03 00:58:26.176937,0
A57,B49,3087.922424555859,2025-10-07 00:58:26.176937,0
A10,B26,9870.384676548114,2025-11-05 00:58:26.176937,1
A11,B19,8165.729887204731,2025-09-27 00:58:26.176937,1
A42,B95,25.76999006970153,2025-11-17 00:58:26.176937,0
A78,B20,707.7165346570227,2025-12-01 00:58:26.176937,0
A19,B61,6966.203905598951,2025-12-07 00:58:26.176937,1
A9,B2,5254.370267646422,2025-06-16 00:58:26.176937,1
A17,B23,6548.666705865556,2025-10-30 00:58:26.176937,1
A36,B54,7333.0919366716325,2026-03-15 00:58:26.176937,1
A80,B64,1714.636218713588,2025-08-24 00:58:26.176937,0
A82,B18,3752.7673733393567,2026-02-06 00:58:26.176937,0
A75,B81,7043.431494176219,2026-01-17 00:58:26.176937,1
A71,B67,1988.2250837225304,2026-01-31 00:58:26.176937,0
A92,B69,1828.0234714680257,2025-05-23 00:58:26.176937,0
A42,B93,9485.34828149736,2026-02-14 00:58:26.176937,1
A49,B41,4512.101235130804,2025-08-04 00:58:26.176937,0
A77,B63,8145.5608448655,2026-02-12 00:58:26.176937,1
A68,B39,1864.5240375950864,2025-06-19 00:58:26.176937,0
A38,B33,599.2308288191124,2025-07-10 00:58:26.176937,0
A59,B72,1835.4666987336757,2025-11-17 00:58:26.176937,0
A65,B73,7594.0552026549685,2025-09-27 00:58:26.176937,1
A78,B7,2600.9256456765656,2025-08-15 00:58:26.176937,0
A56,B51,9023.710156138533,2025-10-25 00:58:26.176937,1
A13,B13,4093.836097515353,2025-11-12 00:58:26.176937,0
A90,B89,6272.105422024311,2025-06-27 00:58:26.176937,1
A15,B21,6247.97034323858,2025-12-16 00:58:26.176937,1
A84,B8,8684.93629923442,2026-02-02 00:58:26.176937,1
A84,B28,1669.6000647343687,2025-11-02 00:58:26.176937,0
A99,B33,2938.324597747724,2026-03-11 00:58:26.176937,0
A71,B61,3783.508091163404,2025-09-24 00:58:26.176937,0
A93,B81,2774.854406580193,2026-03-28 00:58:26.176937,0
A28,B13,3428.0976582048074,2025-08-18 00:58:26.176937,0
A56,B58,5860.60753714631,2025-06-23 00:58:26.176937,1
A58,B96,4784.192215480592,2025-10-03 00:58:26.176937,0
A30,B43,6731.317876634974,2025-12-20 00:58:26.176937,1
A53,B34,1017.0833292228774,2025-07-07 00:58:26.176937,0
A44,B47,619.9541042607021,2025-10-23 00:58:26.176937,0
A59,B47,7520.468977858015,2026-04-26 00:58:26.176937,1
A52,B72,82.19431695766387,2026-02-09 00:58:26.176937,0
A54,B72,5828.630031080392,2026-01-31 00:58:26.176937,1
A94,B33,9876.31215258073,2025-12-01 00:58:26.176937,1
A13,B45,977.450091083145,2025-08-13 00:58:26.176937,0
A41,B3,5228.122097551432,2026-03-03 00:58:26.176937,1
A55,B53,82.54695089832938,2025-06-19 00:58:26.176937,0
A41,B16,6033.818869930062,2025-11-07 00:58:26.176937,1
A86,B45,9869.099455929982,2025-08-31 00:58:26.176937,1
A33,B87,7616.026062635329,2025-10-13 00:58:26.176937,1
A48,B78,9321.962524983304,2026-02-19 00:58:26.176937,1
A20,B26,4737.585514050329,2025-10-08 00:58:26.176937,0
A88,B74,3376.9293826645,2026-05-10 00:58:26.176937,0
A61,B74,4300.241677106443,2025-06-01 00:58:26.176937,0
A9,B84,3714.143371073762,2026-02-06 00:58:26.176937,0
A12,B84,8902.620439658638,2025-11-06 00:58:26.176937,1
A11,B69,9994.456901245458,2025-08-05 00:58:26.176937,1
A12,B23,8170.30344853978,2025-06-15 00:58:26.176937,1
A56,B100,9410.500556889878,2026-02-23 00:58:26.176937,1
A13,B37,6654.132070397799,2026-01-03 00:58:26.176937,1
A96,B46,3790.5726253389007,2025-06-08 00:58:26.176937,0
A95,B42,581.8430239952911,2025-08-07 00:58:26.176937,0
A48,B87,3566.73204647037,2026-03-04 00:58:26.176937,0
A17,B66,3309.2499840605205,2025-06-28 00:58:26.176937,0
A72,B63,1010.7718522162419,2025-10-29 00:58:26.176937,0
A8,B100,4574.6234009914815,2025-08-01 00:58:26.176937,0
A76,B95,6986.099614233266,2026-02-10 00:58:26.176937,1
A72,B58,7254.9496708501665,2026-03-06 00:58:26.176937,1
A72,B11,8880.825807386047,2025-10-24 00:58:26.176937,1
A43,B49,1397.241642598416,2025-12-11 00:58:26.176937,0
A86,B79,6023.072672543796,2025-09-25 00:58:26.176937,1
A16,B37,8691.362764246665,2026-01-17 00:58:26.176937,1
A53,B60,2801.8806265377157,2026-03-17 00:58:26.176937,0
A46,B81,6995.653567514441,2025-09-15 00:58:26.176937,1
A86,B19,8152.367068923197,2025-12-12 00:58:26.176937,1
A97,B22,3690.6146523703746,2025-07-14 00:58:26.176937,0
A55,B82,6187.333438880644,2025-07-13 00:58:26.176937,1
A93,B44,6592.172290681542,2025-08-24 00:58:26.176937,1
A7,B54,4757.242281392148,2025-07-05 00:58:26.176937,0
A37,B81,4137.134661940349,2026-05-04 00:58:26.176937,0
A77,B79,1887.4700018112335,2025-06-10 00:58:26.176937,0
A40,B74,9861.952240648507,2026-04-03 00:58:26.176937,1
A46,B52,9575.895955264252,2026-04-19 00:58:26.176937,1
A14,B10,8128.06428729455,2026-04-09 00:58:26.176937,1
A74,B11,176.13673807259747,2026-05-12 00:58:26.176937,0
A65,B21,3608.4540652156657,2026-05-18 00:58:26.176937,0
A28,B44,467.08529156654816,2026-04-25 00:58:26.176937,0
A20,B30,8077.502540430219,2025-12-04 00:58:26.176937,1
A85,B41,3261.996742580197,2026-04-06 00:58:26.176937,0
A62,B41,4448.618531102321,2025-12-13 00:58:26.176937,0
A29,B84,6071.5625330099165,2025-11-21 00:58:26.176937,1
A14,B38,4007.6502564896214,2026-02-08 00:58:26.176937,0
A45,B91,6129.797530857207,2026-03-06 00:58:26.176937,1
A72,B35,822.8786202509418,2026-02-02 00:58:26.176937,0
A48,B78,4284.883641909484,2025-12-16 00:58:26.176937,0
A15,B83,9315.519859979757,2026-04-19 00:58:26.176937,1
A98,B51,9309.136597040726,2025-11-18 00:58:26.176937,1
A36,B35,9868.845920315434,2025-07-07 00:58:26.176937,1
A74,B57,8572.42900228502,2025-12-12 00:58:26.176937,1
A29,B100,9052.9755927887,2025-07-28 00:58:26.176937,1
A55,B47,7345.434652453189,2025-10-06 00:58:26.176937,1
A72,B96,2945.691102338331,2025-09-21 00:58:26.176937,0
A99,B76,1958.8187824361048,2025-11-30 00:58:26.176937,0
A80,B67,1440.1828344157973,2025-05-27 00:58:26.176937,0
A79,B58,5205.3437441854,2026-02-22 00:58:26.176937,1
A87,B53,5723.2073235569205,2025-12-25 00:58:26.176937,1
A83,B22,8569.458078216683,2025-12-18 00:58:26.176937,1
A72,B24,5051.319791355282,2026-04-01 00:58:26.176937,1
A4,B3,1287.3349313011108,2025-08-08 00:58:26.176937,0
A78,B17,7970.239396617025,2026-03-02 00:58:26.176937,1
A85,B94,3020.469566846024,2026-03-06 00:58:26.176937,0
A89,B31,6733.890984230372,2026-02-28 00:58:26.176937,1
A35,B85,5491.979135962753,2025-10-22 00:58:26.177879,1
A4,B33,8749.109911571162,2026-03-23 00:58:26.177879,1
A24,B96,1688.8479853057984,2025-08-23 00:58:26.177879,0
A35,B90,4468.404136307252,2025-07-10 00:58:26.177879,0
A90,B96,1165.6296317045667,2025-10-25 00:58:26.177879,0
A98,B11,6629.794683316889,2026-03-02 00:58:26.177879,1
A40,B27,2416.6071194494243,2025-08-08 00:58:26.177879,0
A44,B22,2124.291803558362,2025-08-13 00:58:26.177879,0
A45,B51,7534.992682208543,2025-07-05 00:58:26.177879,1
A1,B14,6600.853572726927,2025-09-24 00:58:26.177879,1
A24,B13,903.423838195518,2025-05-29 00:58:26.177879,0
A19,B9,4354.585134712464,2025-12-30 00:58:26.177879,0
A73,B61,7160.493909134906,2025-06-03 00:58:26.177879,1
A85,B71,1610.7504250164673,2026-01-15 00:58:26.177879,0
A52,B7,9290.383917553298,2026-03-25 00:58:26.177879,1
A9,B4,9027.458703376824,2025-06-17 00:58:26.177879,1
A19,B99,7665.425150027683,2026-03-08 00:58:26.177879,1
A95,B51,2211.556589339361,2025-10-07 00:58:26.177879,0
A82,B68,2583.709141333903,2026-04-03 00:58:26.177879,0
A4,B98,4768.260155957369,2026-05-02 00:58:26.177879,0
A12,B11,8976.133728543718,2026-03-14 00:58:26.177879,1
A96,B14,1239.750120402194,2025-11-08 00:58:26.177879,0
A68,B34,1366.2067600200658,2025-09-22 00:58:26.177879,0
A28,B80,5350.087596022683,2025-11-09 00:58:26.177879,1
A49,B20,7256.889920418473,2025-09-20 00:58:26.177879,1
A54,B11,913.5131267268144,2026-02-24 00:58:26.177879,0
A59,B84,6920.927637105308,2026-05-12 00:58:26.177879,1
A44,B50,8720.686664028644,2025-07-26 00:58:26.177879,1
A21,B40,9318.481751933405,2025-06-04 00:58:26.177879,1
A48,B30,7665.710493096981,2025-11-18 00:58:26.177879,1
A40,B32,6010.787409961398,2025-10-09 00:58:26.177879,1
A93,B95,6443.425540691805,2025-07-27 00:58:26.177879,1
A42,B37,3776.333121154975,2025-08-03 00:58:26.177879,0
A100,B57,7177.252913804713,2026-02-18 00:58:26.177879,1
A73,B81,7362.664853878547,2025-10-05 00:58:26.177879,1
A77,B17,3822.688543667325,2026-05-12 00:58:26.177879,0
A11,B17,6424.601004592836,2025-09-13 00:58:26.177879,1
A7,B68,5623.380449435244,2025-06-13 00:58:26.177879,1
A20,B22,8562.8487068061,2025-08-05 00:58:26.177879,1
A21,B4,8086.3903445850365,2025-11-27 00:58:26.177879,1
A97,B5,2243.2728485640023,2025-11-30 00:58:26.177879,0
A80,B85,1165.7427530501425,2026-04-09 00:58:26.177879,0
A7,B46,885.9266030245373,2025-11-14 00:58:26.177879,0
A87,B42,900.5028737260105,2026-04-17 00:58:26.177879,0
A11,B61,7408.406376213452,2026-02-21 00:58:26.177879,1
A35,B60,9372.734400031582,2026-03-14 00:58:26.177879,1
A57,B70,7448.731345464712,2025-07-07 00:58:26.177879,1
A85,B35,1169.9011763383573,2025-12-20 00:58:26.177879,0
A55,B71,3683.6928894586895,2025-06-10 00:58:26.177879,0
A63,B57,8534.769787345745,2025-11-02 00:58:26.177879,1
A78,B18,9541.145502464093,2026-03-07 00:58:26.177879,1
A57,B90,5773.399248509181,2026-03-27 00:58:26.177879,1
A54,B70,26.76812972784894,2025-06-14 00:58:26.177879,0
A35,B23,628.2305167965377,2026-02-11 00:58:26.177879,0
A28,B76,5360.674373408244,2025-07-02 00:58:26.177879,1
A97,B77,8472.714780476494,2025-12-09 00:58:26.177879,1
A66,B59,9798.696486523359,2025-12-24 00:58:26.177879,1
A15,B81,3203.2334613434687,2025-05-23 00:58:26.177879,0
A45,B96,3656.588185930298,2026-04-10 00:58:26.177879,0
A56,B82,6796.228682100119,2025-11-22 00:58:26.177879,1
A15,B73,7967.687373547334,2025-07-18 00:58:26.177879,1
A37,B56,5202.316309666561,2025-09-11 00:58:26.177879,1
A87,B68,6020.160210593433,2026-05-14 00:58:26.177879,1
A87,B82,2229.1941567867498,2025-07-08 00:58:26.177879,0
A76,B82,3959.1707145556306,2025-07-24 00:58:26.177879,0
A63,B69,5387.546503879849,2025-10-21 00:58:26.177879,1
A68,B40,4611.421673492365,2026-02-25 00:58:26.177879,0
A86,B45,1455.5608580508683,2025-11-17 00:58:26.177879,0
A40,B62,9429.470187688376,2026-01-13 00:58:26.177879,1
A6,B70,8373.794379061857,2026-02-13 00:58:26.177879,1
A29,B30,5003.328323610197,2025-09-02 00:58:26.177879,1
A51,B12,4563.287460154141,2025-12-30 00:58:26.177879,0
A77,B57,6018.639481820868,2025-08-29 00:58:26.177879,1
A8,B40,1467.2482789540936,2026-05-10 00:58:26.177879,0
A1,B47,6656.85353556859,2025-09-14 00:58:26.177879,1
A27,B53,8014.90463293519,2025-12-10 00:58:26.177879,1
A39,B34,7032.638427191191,2026-02-26 00:58:26.177879,1
A28,B20,5992.814279632212,2026-04-26 00:58:26.177879,1
A99,B39,3095.82535362807,2025-06-24 00:58:26.177879,0
A18,B2,9903.447768681599,2026-01-20 00:58:26.177879,1
A98,B1,1243.4054868056687,2025-05-29 00:58:26.177879,0
A33,B67,9968.517558337866,2025-12-17 00:58:26.177879,1
A38,B98,7068.157455950824,2026-01-08 00:58:26.177879,1
A42,B18,4788.044641572683,2025-10-05 00:58:26.177879,0
A16,B45,8288.58617070983,2025-10-13 00:58:26.177879,1
A1,B37,4955.30499653545,2025-12-01 00:58:26.177879,0
A64,B61,7044.363361561984,2026-05-02 00:58:26.177879,1
A96,B69,3773.3191855813384,2026-01-03 00:58:26.177879,0
A56,B2,9811.616523668166,2025-06-20 00:58:26.177879,1
A23,B89,3338.1140214614215,2025-09-30 00:58:26.177879,0
A17,B63,8280.568096194382,2025-06-19 00:58:26.177879,1
A49,B97,2114.024726019939,2026-04-11 00:58:26.177879,0
A69,B62,7329.254445172732,2025-12-03 00:58:26.177879,1
A91,B39,8106.082335326571,2025-08-13 00:58:26.177879,1
A30,B2,7007.0700624577585,2026-05-06 00:58:26.177879,1
A65,B99,535.1373792614552,2026-03-17 00:58:26.177879,0
A72,B56,8655.6646377789,2025-07-07 00:58:26.177879,1
A86,B38,1798.4121215285365,2026-05-17 00:58:26.177879,0
A46,B77,4880.171469499772,2025-08-02 00:58:26.177879,0
A10,B30,3924.1605599077543,2026-05-13 00:58:26.177879,0
A51,B1,9844.051526129033,2025-12-19 00:58:26.177879,1
A95,B71,6595.910605897306,2025-11-09 00:58:26.177879,1
A6,B48,8486.697278621348,2026-02-09 00:58:26.177879,1
A56,B25,9910.721517841834,2025-09-24 00:58:26.177879,1
A3,B53,5483.949666313327,2025-11-09 00:58:26.177879,1
A59,B72,3380.72737507634,2025-11-05 00:58:26.177879,0
A10,B56,6782.207874949886,2026-05-04 00:58:26.177879,1
A41,B51,9903.239856731805,2025-06-01 00:58:26.177879,1
A74,B32,7579.564708692681,2025-06-12 00:58:26.177879,1
A55,B21,3916.720315795495,2026-01-04 00:58:26.177879,0
A74,B92,5283.1658999642605,2025-05-31 00:58:26.177879,1
A52,B95,2837.5683011175474,2025-11-11 00:58:26.177879,0
A91,B83,6966.79939360475,2025-12-02 00:58:26.177879,1
A82,B50,1958.9708447760013,2025-11-16 00:58:26.177879,0
A54,B49,8563.959676657767,2025-09-02 00:58:26.177879,1
A38,B29,3943.7868134097935,2025-10-17 00:58:26.177879,0
A15,B34,1317.69782745057,2025-10-26 00:58:26.177879,0
A52,B11,7525.142134836777,2025-05-25 00:58:26.177879,1
A3,B55,5808.032960816441,2025-11-28 00:58:26.177879,1
A42,B81,8052.667146628289,2026-03-16 00:58:26.177879,1
A22,B31,8499.599109041754,2025-11-26 00:58:26.177879,1
A80,B67,7098.779440356041,2026-01-09 00:58:26.177879,1
A59,B98,4580.749676375042,2025-08-13 00:58:26.177879,0
A89,B79,1645.3077350244114,2026-02-13 00:58:26.177879,0
A47,B89,1384.2339851291363,2025-09-14 00:58:26.177879,0
A12,B88,6962.595704269354,2025-12-29 00:58:26.177879,1
A56,B35,2917.904877537553,2026-01-06 00:58:26.177879,0
A14,B37,1456.7805930641723,2026-04-10 00:58:26.177879,0
A32,B84,2189.1833655948994,2025-10-04 00:58:26.177879,0
A56,B96,7486.341351453916,2025-06-13 00:58:26.177879,1
A76,B69,7355.835776596275,2026-04-09 00:58:26.177879,1
A52,B35,101.2338209795613,2025-06-15 00:58:26.177879,0
A68,B53,7262.315542719151,2025-12-10 00:58:26.177879,1
A11,B25,5761.064148459277,2025-09-04 00:58:26.177879,1
A51,B9,6786.394882106315,2026-03-25 00:58:26.177879,1
A40,B24,9884.957036716665,2026-05-11 00:58:26.177879,1
A96,B18,1484.5785375818036,2026-03-18 00:58:26.177879,0
A44,B38,9504.477562734324,2026-03-29 00:58:26.177879,1
A29,B15,4276.8395342503345,2026-01-18 00:58:26.177879,0
A43,B82,8418.184309531352,2026-04-14 00:58:26.177879,1
A100,B59,9260.5935138669,2026-02-21 00:58:26.177879,1
A22,B80,969.5168417117195,2025-11-12 00:58:26.177879,0
A10,B58,9741.846012056014,2026-04-19 00:58:26.177879,1
A66,B35,1804.5324650494847,2026-03-05 00:58:26.177879,0
A82,B90,534.1964332185306,2025-08-03 00:58:26.177879,0
A15,B80,9802.964830690604,2026-01-21 00:58:26.177879,1
A68,B63,6504.477069984922,2026-04-08 00:58:26.177879,1
A66,B25,5937.989978744656,2026-04-14 00:58:26.177879,1
A25,B42,9697.572464154642,2026-05-18 00:58:26.177879,1
A100,B3,6273.455740498592,2026-05-16 00:58:26.177879,1
A45,B20,4045.900018271506,2025-11-29 00:58:26.177879,0
A45,B7,349.5883499595322,2025-07-10 00:58:26.177879,0
A94,B69,2416.145656797896,2026-04-16 00:58:26.177879,0
A83,B3,4891.372678681232,2026-03-04 00:58:26.177879,0
A19,B24,6882.961218100735,2025-07-28 00:58:26.177879,1
A31,B14,9546.008083843775,2025-07-06 00:58:26.177879,1
A14,B37,6531.4416995238535,2025-09-29 00:58:26.177879,1
A19,B35,3759.9626909996537,2025-07-03 00:58:26.177879,0
A33,B17,6921.030550164937,2025-12-04 00:58:26.177879,1
A26,B92,7955.298845176782,2025-06-16 00:58:26.177879,1
A23,B57,6588.603326195593,2026-03-29 00:58:26.177879,1
A78,B94,7779.530803055323,2025-07-13 00:58:26.177879,1
A20,B2,8650.308936713409,2026-03-21 00:58:26.177879,1
A98,B30,6506.606255003721,2026-04-24 00:58:26.177879,1
A98,B12,2759.4082421586786,2025-05-27 00:58:26.177879,0
A84,B20,6535.422784140196,2026-03-12 00:58:26.177879,1
A10,B2,3679.5573289387535,2026-02-09 00:58:26.177879,0
A23,B64,1208.8038523130867,2026-04-11 00:58:26.177879,0
A99,B28,835.5435357190296,2026-02-16 00:58:26.177879,0
A81,B44,4897.2922251945665,2026-04-06 00:58:26.177879,0
A64,B54,6691.234176275876,2026-04-06 00:58:26.177879,1
A60,B40,5102.387492933132,2026-05-21 00:58:26.177879,1
A97,B64,240.0373455333433,2025-10-13 00:58:26.177879,0
A73,B48,5734.089269143491,2025-06-05 00:58:26.177879,1
A98,B60,5730.579348952983,2026-01-23 00:58:26.177879,1
A75,B90,2744.510822000512,2026-02-04 00:58:26.177879,0
A58,B5,7456.139355261525,2026-04-27 00:58:26.177879,1
A88,B43,7945.493706486085,2026-04-12 00:58:26.177879,1
A73,B11,1819.154973222011,2025-11-05 00:58:26.177879,0
A83,B97,4847.072858210968,2025-12-09 00:58:26.177879,0
A82,B19,6449.52052332716,2025-07-06 00:58:26.177879,1
A80,B8,4342.228221823646,2025-08-24 00:58:26.177879,0
A42,B35,5718.516762786448,2026-02-13 00:58:26.177879,1
A81,B100,1003.4181381690312,2025-09-21 00:58:26.177879,0
A41,B51,644.3480286042669,2026-02-10 00:58:26.177879,0
A20,B10,9089.716427873691,2025-05-25 00:58:26.177879,1
A57,B70,7954.2960223535865,2025-09-11 00:58:26.177879,1
A9,B61,1857.0495872143788,2025-07-17 00:58:26.177879,0
A61,B24,8130.550693053094,2025-05-26 00:58:26.177879,1
A57,B25,207.26642060300236,2026-02-16 00:58:26.177879,0
A81,B33,5565.041036430402,2025-09-24 00:58:26.177879,1
A39,B49,5368.803729764452,2025-12-26 00:58:26.177879,1
A36,B2,8123.840624210056,2025-06-10 00:58:26.177879,1
A76,B16,4890.746991400996,2025-07-23 00:58:26.177879,0
A8,B99,5193.822148167103,2026-04-21 00:58:26.177879,1
A46,B92,5851.3681792052685,2025-10-08 00:58:26.177879,1
A65,B32,7140.353751257716,2026-02-17 00:58:26.177879,1
A10,B50,7902.776247937155,2025-09-05 00:58:26.177879,1
A40,B99,1249.6523926969396,2026-05-19 00:58:26.177879,0
A60,B57,7532.352028135679,2026-04-12 00:58:26.177879,1
A58,B32,9657.153626600191,2026-02-21 00:58:26.177879,1
A5,B95,8977.04695941573,2026-02-10 00:58:26.177879,1
A8,B5,1814.8350905732384,2026-01-08 00:58:26.177879,0
A48,B26,5995.035039821317,2026-03-10 00:58:26.177879,1
A37,B59,1807.5761886923513,2025-08-18 00:58:26.177879,0
A10,B95,5551.670467837575,2025-08-01 00:58:26.177879,1
A83,B99,8007.124588637187,2026-02-15 00:58:26.177879,1
A12,B13,1239.2225791591418,2025-05-29 00:58:26.177879,0
A79,B67,1296.87174510255,2026-03-20 00:58:26.177879,0
A77,B86,2070.23670315652,2025-05-28 00:58:26.177879,0
A65,B27,1620.4905167768222,2026-04-14 00:58:26.177879,0
A50,B61,5629.3371335792335,2026-02-15 00:58:26.177879,1
A60,B50,8515.98656045762,2026-02-16 00:58:26.177879,1
A75,B88,359.7027423624473,2025-12-09 00:58:26.177879,0
A71,B40,9799.485063895017,2026-01-26 00:58:26.177879,1
A95,B42,5066.421624293875,2026-02-28 00:58:26.177879,1
A6,B21,3641.9608105204907,2025-11-01 00:58:26.177879,0
A58,B81,5448.827231260507,2025-07-01 00:58:26.177879,1
A74,B94,4236.28275969073,2025-07-23 00:58:26.177879,0
A84,B6,9452.832562215715,2025-12-22 00:58:26.177879,1
A25,B96,10.854787535126361,2025-07-19 00:58:26.177879,0
A42,B71,3012.9937774032423,2025-10-23 00:58:26.177879,0
A78,B67,9462.684012789188,2025-09-05 00:58:26.177879,1
A61,B16,5199.236285963273,2025-06-29 00:58:26.177879,1
A65,B33,7830.190221898512,2025-12-27 00:58:26.177879,1
A20,B62,6594.9842057800515,2026-01-31 00:58:26.177879,1
A8,B82,4454.753672906398,2025-10-16 00:58:26.177879,0
A58,B39,5774.943977367309,2026-01-14 00:58:26.177879,1
A14,B26,6954.063929440312,2025-11-27 00:58:26.177879,1
A44,B47,5231.435936754373,2026-01-19 00:58:26.177879,1
A92,B7,9860.335024058846,2025-08-24 00:58:26.177879,1
A11,B86,3527.6500861023333,2026-05-19 00:58:26.177879,0
A65,B28,5386.71277344821,2025-06-21 00:58:26.177879,1
A83,B15,2106.2966610671856,2025-06-07 00:58:26.177879,0
A23,B31,999.1012223030899,2026-01-14 00:58:26.177879,0
A6,B82,8199.43532390079,2025-12-29 00:58:26.177879,1
A32,B56,2378.632552452177,2026-03-01 00:58:26.177879,0
A91,B42,1888.8557740692536,2026-04-19 00:58:26.177879,0
A57,B2,3004.09520359554,2026-04-21 00:58:26.177879,0
A57,B22,8327.95176886005,2026-04-20 00:58:26.177879,1
A68,B36,9574.655050938858,2025-09-12 00:58:26.177879,1
A67,B75,6025.422426202785,2025-11-27 00:58:26.177879,1
A79,B16,2168.2392750823014,2026-04-22 00:58:26.177879,0
A21,B51,3597.060970598334,2025-07-09 00:58:26.177879,0
A47,B32,1293.6362279486132,2025-10-14 00:58:26.177879,0
A48,B2,6226.904298930838,2026-04-12 00:58:26.177879,1
A37,B6,752.8529981746341,2025-06-11 00:58:26.177879,0
A50,B75,2557.12403710289,2025-10-06 00:58:26.177879,0
A53,B89,3824.0053074895714,2026-05-16 00:58:26.177879,0
A100,B61,9037.562735986416,2025-06-11 00:58:26.177879,1
A44,B89,4006.593162090456,2026-04-07 00:58:26.177879,0
A87,B77,841.7082205262582,2025-12-10 00:58:26.177879,0
A77,B20,2549.2521393186703,2025-07-25 00:58:26.177879,0
A7,B48,4259.180206675762,2025-11-18 00:58:26.177879,0
A81,B99,6948.208555288665,2025-05-30 00:58:26.177879,1
A83,B12,5363.68415292793,2025-06-08 00:58:26.177879,1
A43,B32,714.8748797877596,2025-07-16 00:58:26.177879,0
A9,B21,7329.422238255313,2025-06-09 00:58:26.177879,1
A43,B64,9953.639097622538,2026-04-19 00:58:26.177879,1
A13,B12,6971.061309197966,2025-08-04 00:58:26.177879,1
A72,B88,1934.3479296364278,2026-01-08 00:58:26.177879,0
A87,B80,3727.7011724619942,2025-12-10 00:58:26.177879,0
A50,B44,6576.607349524151,2025-10-04 00:58:26.177879,1
A37,B98,8206.877000027598,2025-11-20 00:58:26.177879,1
A33,B81,6053.397475919055,2025-09-19 00:58:26.177879,1
A93,B8,4202.6678610404015,2025-11-14 00:58:26.177879,0
A85,B8,1543.3791857990595,2025-09-09 00:58:26.177879,0
A78,B46,9924.565424546321,2025-12-20 00:58:26.177879,1
A20,B83,4341.935042929869,2025-09-14 00:58:26.177879,0
A43,B20,268.8395328114682,2025-12-13 00:58:26.177879,0
A11,B90,6040.036393869682,2025-08-16 00:58:26.177879,1
A75,B69,784.4707237821146,2026-02-14 00:58:26.177879,0
A85,B14,1254.9660266890148,2026-01-26 00:58:26.177879,0
A19,B17,1108.801423482244,2025-07-26 00:58:26.177879,0
A45,B63,5488.204160509592,2026-02-24 00:58:26.177879,1
A40,B30,668.9339981994143,2026-05-01 00:58:26.177879,0
A84,B41,6405.3731150094545,2025-06-03 00:58:26.177879,1
A90,B72,3634.566652054797,2025-11-23 00:58:26.177879,0
A85,B83,3341.8383125433975,2025-10-25 00:58:26.177879,0
A51,B97,2739.797493605561,2025-09-26 00:58:26.177879,0
A17,B45,8689.865151964073,2025-09-28 00:58:26.177879,1
A77,B57,2265.39703260162,2025-12-07 00:58:26.177879,0
A91,B94,108.53469311065268,2025-10-28 00:58:26.177879,0
A11,B25,3777.788258232602,2025-09-27 00:58:26.177879,0
A40,B3,9688.047123998653,2025-09-27 00:58:26.177879,1
A72,B89,3792.5371904545327,2025-10-03 00:58:26.177879,0
A49,B49,1058.9772673659675,2026-03-05 00:58:26.177879,0
A83,B46,9257.102244301139,2026-03-11 00:58:26.177879,1
A43,B93,1765.5564091316753,2025-11-06 00:58:26.177879,0
A17,B18,7285.9908754107655,2025-10-20 00:58:26.177879,1
A86,B33,3072.4300393639664,2026-05-10 00:58:26.177879,0
A90,B6,8215.219058840823,2026-03-12 00:58:26.177879,1
A95,B63,4901.289815265313,2025-12-11 00:58:26.177879,0
A88,B91,5294.3115868830155,2025-11-08 00:58:26.177879,1
A68,B57,7007.5508020509715,2025-07-03 00:58:26.177879,1
A12,B72,8655.329511293376,2026-03-07 00:58:26.177879,1
A83,B38,5519.906897379674,2025-10-30 00:58:26.177879,1
A86,B70,6078.5947735583095,2025-11-16 00:58:26.177879,1
A55,B90,8966.73673055435,2026-05-15 00:58:26.177879,1
A66,B63,1715.7666918395748,2025-10-12 00:58:26.177879,0
A47,B25,9465.637953364927,2025-06-18 00:58:26.177879,1
A3,B73,3901.7376753309227,2026-02-23 00:58:26.177879,0
A47,B24,3458.2771519779344,2026-03-06 00:58:26.177879,0
A40,B70,7415.5584117870085,2025-07-23 00:58:26.177879,1
A24,B45,9680.322834697265,2026-02-17 00:58:26.177879,1
A28,B42,5321.50455647111,2026-01-31 00:58:26.177879,1
A44,B94,5950.223615030878,2026-04-04 00:58:26.177879,1
A99,B60,8497.803860921309,2026-05-14 00:58:26.177879,1
A63,B36,4773.8500687269725,2025-11-03 00:58:26.177879,0
A25,B77,1284.446309194115,2025-09-23 00:58:26.177879,0
A29,B71,104.87971350339646,2026-03-07 00:58:26.177879,0
A18,B21,5140.518535488057,2026-01-04 00:58:26.177879,1
A20,B9,1563.3579119224373,2025-12-01 00:58:26.177879,0
A10,B68,1272.4199143445096,2026-02-10 00:58:26.177879,0
A38,B20,3794.2186393583715,2026-05-11 00:58:26.177879,0
A13,B58,7356.869524352441,2025-09-10 00:58:26.177879,1
A65,B38,538.1176081689594,2025-11-03 00:58:26.177879,0
A99,B34,7256.938535016349,2026-03-02 00:58:26.177879,1
A70,B70,9745.253469257097,2025-12-18 00:58:26.177879,1
A95,B47,7077.949131932156,2025-08-14 00:58:26.177879,1
A68,B59,2498.625159974173,2025-12-31 00:58:26.177879,0
A5,B1,6090.9428755808985,2026-01-26 00:58:26.177879,1
A85,B100,7070.799758458794,2026-02-14 00:58:26.177879,1
A44,B82,1839.214212709743,2025-09-15 00:58:26.177879,0
A99,B65,9862.600292835192,2025-07-16 00:58:26.177879,1
A80,B49,7986.7042984960335,2025-09-09 00:58:26.177879,1
A17,B94,5027.270164082411,2025-10-13 00:58:26.177879,1
A77,B24,2765.4715141403453,2025-10-12 00:58:26.177879,0
A49,B3,4283.37317638651,2026-03-02 00:58:26.177879,0
A20,B80,9417.353324424352,2025-09-15 00:58:26.177879,1
A21,B47,8815.063222936402,2025-06-16 00:58:26.177879,1
A24,B100,8142.0922730516895,2026-04-22 00:58:26.177879,1
A89,B80,3058.822438120813,2025-11-23 00:58:26.177879,0
A99,B31,8580.635528553674,2026-03-29 00:58:26.177879,1
A80,B42,9475.071938585925,2026-04-18 00:58:26.177879,1
A22,B93,4071.082696900354,2025-12-08 00:58:26.177879,0
A93,B9,3134.2417549640204,2025-05-26 00:58:26.177879,0
A57,B85,910.5045271696152,2025-09-20 00:58:26.177879,0
A6,B69,803.9539209467555,2025-07-15 00:58:26.177879,0
A53,B50,7302.2307702002445,2025-12-25 00:58:26.177879,1
A47,B25,9449.220815788207,2026-03-11 00:58:26.177879,1
A87,B68,1659.4801243201928,2026-01-22 00:58:26.177879,0
A93,B88,583.5411078110732,2025-08-30 00:58:26.177879,0
A31,B64,7436.660474953428,2025-09-11 00:58:26.177879,1
A57,B99,5546.056150768653,2026-02-01 00:58:26.177879,1
A79,B71,4933.576826567841,2025-10-21 00:58:26.177879,0
A37,B20,8744.78608896464,2025-09-13 00:58:26.177879,1
A97,B79,9622.041649926326,2026-05-16 00:58:26.177879,1
A96,B37,4245.596400376858,2025-12-16 00:58:26.177879,0
A58,B42,5091.736798696888,2025-07-03 00:58:26.177879,1
A30,B53,7310.665689579542,2026-03-02 00:58:26.177879,1
A69,B83,4801.762915723576,2025-11-30 00:58:26.177879,0
A31,B42,5154.964755582566,2025-07-04 00:58:26.177879,1
A40,B15,9979.564713619455,2025-12-14 00:58:26.177879,1
A61,B13,8881.92453301526,2025-06-06 00:58:26.177879,1
A25,B67,6981.840709043062,2025-07-10 00:58:26.177879,1
A48,B85,4060.659802324053,2025-10-15 00:58:26.177879,0
A87,B9,6166.7032040651,2025-07-13 00:58:26.177879,1
A74,B6,9109.75519236669,2026-03-21 00:58:26.177879,1
A57,B17,7461.713434404355,2025-07-20 00:58:26.177879,1
A60,B23,7144.45912916615,2026-03-17 00:58:26.177879,1
A99,B5,7028.891220598704,2025-08-24 00:58:26.177879,1
A37,B26,7499.182845928934,2025-12-29 00:58:26.177879,1
A100,B14,2449.8202078214076,2025-11-29 00:58:26.177879,0
A49,B63,7392.441686206529,2025-11-12 00:58:26.177879,1
A65,B25,9509.175215180105,2025-06-04 00:58:26.177879,1
A68,B13,8235.400301454121,2026-03-18 00:58:26.177879,1
A54,B5,8804.515639394256,2025-11-14 00:58:26.177879,1
A21,B74,5285.833067997844,2025-08-06 00:58:26.177879,1
A26,B83,6095.844148718835,2025-09-22 00:58:26.177879,1
A78,B50,6077.661728799595,2026-04-20 00:58:26.177879,1
A18,B85,9646.827363696977,2026-05-13 00:58:26.177879,1
A33,B63,6748.476462457714,2025-10-06 00:58:26.177879,1
A7,B68,8820.486349981034,2025-11-14 00:58:26.177879,1
A83,B80,5239.928994170935,2025-10-21 00:58:26.177879,1
A62,B90,2258.4350935846105,2026-01-16 00:58:26.177879,0
A48,B76,760.4725167664797,2026-02-04 00:58:26.177879,0
A71,B33,8395.695261745563,2025-12-06 00:58:26.177879,1
A14,B7,5141.707995305824,2025-06-04 00:58:26.177879,1
A92,B47,9525.311186451885,2026-01-23 00:58:26.177879,1
A67,B29,4232.99546547326,2025-12-13 00:58:26.177879,0
A16,B78,3797.156710946074,2025-07-02 00:58:26.177879,0
A37,B92,3739.104152303835,2025-09-21 00:58:26.177879,0
A11,B10,1141.202756883251,2025-12-30 00:58:26.177879,0
A98,B2,9141.311298339375,2025-08-11 00:58:26.177879,1
A21,B27,2505.1545827757327,2025-11-29 00:58:26.177879,0
A35,B84,5395.805028671493,2025-07-31 00:58:26.177879,1
A58,B63,7666.474972065415,2025-12-04 00:58:26.177879,1
A66,B11,1187.4753528665508,2025-05-30 00:58:26.177879,0
A19,B60,2998.788149702664,2026-02-12 00:58:26.177879,0
A56,B82,2942.5149444107733,2026-03-18 00:58:26.177879,0
A12,B8,2138.5287868404434,2025-12-09 00:58:26.177879,0
A29,B47,7382.876964177583,2025-07-03 00:58:26.177879,1
A58,B72,5692.731026428033,2025-08-02 00:58:26.177879,1
A45,B96,2182.4573155591866,2026-01-25 00:58:26.177879,0
A4,B54,3055.1497963204893,2025-05-25 00:58:26.177879,0
A54,B48,9331.783323673591,2025-07-23 00:58:26.177879,1
A7,B91,6433.306618259361,2025-07-14 00:58:26.177879,1
A51,B8,8259.016600811812,2026-01-21 00:58:26.177879,1
A65,B79,363.9369790612876,2026-01-15 00:58:26.177879,0
A48,B35,4635.9392378182265,2025-09-14 00:58:26.177879,0
A31,B68,6181.309428103524,2025-08-07 00:58:26.177879,1
A50,B6,4887.781945648732,2025-09-24 00:58:26.177879,0
A11,B94,3563.8831983421155,2026-05-13 00:58:26.177879,0
A48,B10,6159.147181875521,2025-12-13 00:58:26.177879,1
A29,B39,3292.232494805179,2025-09-03 00:58:26.177879,0
A4,B10,3545.388516415424,2026-04-04 00:58:26.177879,0
A41,B28,61.49256709009136,2025-11-07 00:58:26.177879,0
A13,B67,8903.060803466376,2026-03-08 00:58:26.177879,1
A92,B13,1869.7154868890352,2025-07-07 00:58:26.177879,0
A84,B13,3551.777915198719,2025-12-09 00:58:26.177879,0
A43,B93,1022.3644101897628,2026-04-11 00:58:26.177879,0
A19,B30,4925.540731351591,2025-08-25 00:58:26.177879,0
A18,B69,856.590355900486,2025-09-13 00:58:26.177879,0
A5,B50,5148.042809412736,2025-09-28 00:58:26.177879,1
A37,B25,1545.5695571235071,2025-07-18 00:58:26.177879,0
A61,B25,1247.1880586591362,2026-01-06 00:58:26.177879,0
A90,B68,4879.247425712908,2026-04-18 00:58:26.177879,0
A18,B85,1564.747701486807,2025-10-04 00:58:26.177879,0
A98,B32,6569.768125480758,2025-11-04 00:58:26.177879,1
A91,B73,2268.6913766136745,2026-02-13 00:58:26.177879,0
A61,B81,3959.6346720259753,2026-01-01 00:58:26.177879,0
A58,B23,2999.8566766180993,2025-05-23 00:58:26.177879,0
A79,B72,4289.131283857017,2026-03-10 00:58:26.177879,0
A1,B96,1829.9985829659515,2025-11-17 00:58:26.177879,0
A11,B72,8117.323102445319,2026-04-22 00:58:26.177879,1
A3,B54,1095.8629788741375,2025-09-22 00:58:26.177879,0
A33,B96,4391.33496862824,2026-01-16 00:58:26.177879,0
A28,B14,8395.181038671533,2026-01-28 00:58:26.177879,1
A20,B99,1626.7246630590055,2025-07-02 00:58:26.177879,0
A71,B82,3543.840393002629,2026-05-21 00:58:26.177879,0
A94,B74,4345.261945411891,2025-12-06 00:58:26.177879,0
A78,B46,3598.7750941286,2025-11-21 00:58:26.177879,0
A68,B87,8706.43556241022,2025-07-09 00:58:26.177879,1
A55,B59,1992.6615333970612,2025-09-17 00:58:26.177879,0
A15,B90,1903.775017828856,2025-08-08 00:58:26.177879,0
A100,B86,412.1605121751613,2026-03-09 00:58:26.177879,0
A37,B55,3951.5145928140514,2026-01-03 00:58:26.178931,0
A31,B14,7441.800629487804,2025-12-10 00:58:26.178931,1
A39,B22,9010.968124909321,2025-09-16 00:58:26.178931,1
A16,B24,1611.521885882214,2025-12-13 00:58:26.178931,0
A7,B71,1997.9293221553758,2025-07-17 00:58:26.178931,0
A31,B52,4798.156902472611,2025-08-21 00:58:26.178931,0
A54,B65,6655.776524614227,2026-02-09 00:58:26.178931,1
A82,B44,2665.3382052237916,2025-06-26 00:58:26.178931,0
A80,B85,4216.742274133769,2026-02-15 00:58:26.178931,0
A59,B21,5505.73549226463,2025-07-21 00:58:26.178931,1
A9,B69,8000.202653933669,2025-07-17 00:58:26.178931,1
A15,B77,7146.066376515221,2026-03-22 00:58:26.178931,1
A64,B57,3255.628108258457,2025-12-22 00:58:26.178931,0
A77,B46,7646.283168759729,2026-04-21 00:58:26.178931,1
A69,B41,8818.847643395971,2026-02-12 00:58:26.178931,1
A3,B71,5023.567239587645,2025-08-27 00:58:26.178931,1
A81,B42,9236.376894798226,2025-09-06 00:58:26.178931,1
A66,B48,8432.19850695235,2025-12-29 00:58:26.178931,1
A74,B53,3894.596583864558,2026-01-15 00:58:26.178931,0
A31,B98,1106.2305123151025,2025-11-11 00:58:26.178931,0
A92,B82,1087.7170538842859,2025-10-18 00:58:26.178931,0
A19,B56,221.3105449823628,2025-05-29 00:58:26.178931,0
A38,B93,1563.8644680214245,2026-05-17 00:58:26.178931,0
A55,B42,5005.009304928429,2025-12-21 00:58:26.178931,1
A1,B78,7676.175664942952,2026-01-09 00:58:26.178931,1
A79,B31,2372.684301807567,2026-02-07 00:58:26.178931,0
A46,B73,6786.320081949675,2026-03-10 00:58:26.178931,1
A31,B70,3427.9885716911685,2025-12-22 00:58:26.178931,0
A74,B28,9764.62088260723,2026-05-10 00:58:26.178931,1
A54,B49,7376.94124490178,2026-05-08 00:58:26.178931,1
A24,B99,4348.94186420089,2025-06-23 00:58:26.178931,0
A86,B71,2901.7716241584076,2025-06-27 00:58:26.178931,0
A86,B96,4864.433146382292,2025-10-19 00:58:26.178931,0
A11,B33,7611.389972383006,2026-04-12 00:58:26.178931,1
A68,B47,2484.995519071485,2025-11-15 00:58:26.178931,0
A47,B58,1533.4322920083493,2025-09-26 00:58:26.178931,0
A9,B58,5117.285956865056,2026-03-08 00:58:26.178931,1
A68,B51,2502.1731960667435,2025-10-06 00:58:26.178931,0
A70,B1,7669.608772240948,2025-07-06 00:58:26.178931,1
A65,B93,8643.02638815844,2025-11-08 00:58:26.178931,1
A65,B5,9942.6280338507,2025-08-11 00:58:26.178931,1
A71,B37,2481.0701647895658,2026-03-03 00:58:26.178931,0
A3,B77,8207.888068685663,2025-07-22 00:58:26.178931,1
A50,B3,1992.1404669000901,2025-10-07 00:58:26.178931,0
A61,B67,7067.5443808685395,2025-12-13 00:58:26.178931,1
A6,B18,8101.4251597942275,2026-03-28 00:58:26.178931,1
A82,B39,7014.438090900053,2026-01-02 00:58:26.178931,1
A50,B1,5028.316096848945,2025-10-01 00:58:26.178931,1
A48,B39,1820.0706125408644,2026-01-01 00:58:26.178931,0
A33,B29,9925.591167287308,2026-02-10 00:58:26.178931,1
A96,B28,5916.05002777867,2025-05-26 00:58:26.178931,1
A3,B41,6348.427145896656,2025-07-16 00:58:26.178931,1
A46,B3,2301.548080395216,2025-10-02 00:58:26.178931,0
A9,B99,1331.6351686330047,2025-12-28 00:58:26.178931,0
A45,B89,393.2806511661239,2026-02-28 00:58:26.178931,0
A31,B36,9904.083970486015,2025-07-26 00:58:26.178931,1
A94,B71,9291.692331959524,2026-03-18 00:58:26.178931,1
A85,B66,4268.766740608489,2025-12-08 00:58:26.178931,0
A81,B72,6168.508908111144,2026-05-14 00:58:26.178931,1
A14,B74,918.444949797225,2026-03-20 00:58:26.178931,0
A99,B74,519.0441008636574,2026-04-26 00:58:26.178931,0
A75,B20,4078.8989327435347,2025-12-06 00:58:26.178931,0
A95,B13,3071.3950059904673,2025-08-13 00:58:26.178931,0
A97,B5,6336.76665143253,2025-09-20 00:58:26.178931,1
A43,B59,2321.962211769332,2025-11-15 00:58:26.178931,0
A18,B46,3368.416736025346,2026-03-11 00:58:26.178931,0
A6,B20,4797.160423792032,2025-12-12 00:58:26.178931,0
A46,B18,5103.538290310335,2025-11-11 00:58:26.178931,1
A70,B34,6442.292823463964,2025-08-14 00:58:26.178931,1
A44,B47,3049.8570000339214,2026-05-09 00:58:26.178931,0
A83,B75,2699.768430978996,2025-07-05 00:58:26.178931,0
A23,B32,2812.7538479906125,2025-10-12 00:58:26.178931,0
A100,B30,3516.734892642052,2025-06-26 00:58:26.178931,0
A88,B33,4186.5612570734065,2025-12-08 00:58:26.178931,0
A60,B39,3205.2104403235853,2025-11-01 00:58:26.178931,0
A90,B12,485.08837808444144,2026-02-20 00:58:26.178931,0
A62,B74,418.48239917571726,2025-12-06 00:58:26.178931,0
A81,B52,530.7850638605888,2025-07-13 00:58:26.178931,0
A24,B73,7450.09949544951,2026-05-05 00:58:26.178931,1
A18,B28,2127.6557347202033,2025-06-27 00:58:26.178931,0
A9,B94,4725.861060163317,2025-12-29 00:58:26.178931,0
A92,B10,9085.734929734117,2025-12-08 00:58:26.178931,1
A100,B93,1016.6093820688583,2025-08-06 00:58:26.178931,0
A59,B42,1856.5516304232758,2025-08-04 00:58:26.178931,0
A5,B62,9483.798575758565,2026-05-02 00:58:26.178931,1
A38,B23,3642.1766142508286,2025-09-03 00:58:26.178931,0
A26,B63,3050.52338357397,2026-04-24 00:58:26.178931,0
A6,B89,977.9033373503823,2025-05-22 00:58:26.178931,0
A26,B90,146.47921802688742,2026-03-16 00:58:26.178931,0
A6,B74,5522.164584747938,2025-09-10 00:58:26.178931,1
A41,B13,8621.122958524358,2026-04-20 00:58:26.178931,1
A40,B77,3318.805217907439,2026-04-18 00:58:26.178931,0
A66,B83,7415.508106069655,2026-03-12 00:58:26.178931,1
A51,B39,3620.2357860050406,2026-03-06 00:58:26.178931,0
A70,B5,7790.29499257521,2026-03-31 00:58:26.178931,1
A61,B94,5293.332015582106,2025-08-28 00:58:26.178931,1
A33,B74,3722.206927389946,2026-02-28 00:58:26.178931,0
A5,B49,6505.980949749872,2025-05-22 00:58:26.178931,1
A97,B11,2108.232685904419,2026-01-22 00:58:26.178931,0
A83,B100,3846.6530727702325,2026-04-05 00:58:26.178931,0
A25,B8,8873.066060115334,2025-11-19 00:58:26.178931,1
A37,B99,1313.5491984284718,2025-11-21 00:58:26.178931,0
A46,B43,7428.448493125534,2025-11-30 00:58:26.178931,1
A100,B45,1212.339928895078,2026-04-11 00:58:26.178931,0
A7,B56,5869.748946306247,2025-10-23 00:58:26.178931,1
A84,B54,9122.646548610726,2025-11-28 00:58:26.178931,1
A43,B16,6547.0080437207025,2026-04-17 00:58:26.178931,1
A35,B99,1912.43166891743,2025-09-12 00:58:26.178931,0
A16,B30,7049.553938383163,2025-10-29 00:58:26.178931,1
A48,B96,9255.751388783661,2025-08-16 00:58:26.178931,1
A56,B84,758.0472156313197,2026-04-21 00:58:26.178931,0
A52,B78,5470.32443824346,2025-08-27 00:58:26.178931,1
A96,B2,3435.5507078152095,2025-10-21 00:58:26.178931,0
A57,B82,7256.253084892355,2025-06-28 00:58:26.178931,1
A50,B100,9896.549704464303,2025-11-01 00:58:26.178931,1
A44,B81,2027.97117822051,2025-06-01 00:58:26.178931,0
A24,B49,7210.4869664846865,2026-03-04 00:58:26.178931,1
A64,B7,447.6729503798562,2025-08-15 00:58:26.178931,0
A89,B40,1925.1502085323882,2026-04-07 00:58:26.178931,0
A64,B68,5509.451863161587,2026-02-05 00:58:26.178931,1
A48,B6,2532.7298208843963,2025-10-05 00:58:26.178931,0
A67,B41,8771.982671886368,2026-03-02 00:58:26.178931,1
A35,B70,8535.848559829737,2026-03-24 00:58:26.178931,1
A11,B73,9069.080327435262,2026-01-09 00:58:26.178931,1
A94,B20,9751.510311513557,2026-01-26 00:58:26.178931,1
A55,B42,8950.181148994418,2026-01-20 00:58:26.178931,1
A11,B65,4490.337378772703,2026-04-24 00:58:26.178931,0
A56,B90,7176.08548673328,2025-06-26 00:58:26.178931,1
A78,B29,9109.383304170491,2025-06-07 00:58:26.178931,1
A24,B20,686.407873804703,2025-08-10 00:58:26.178931,0
A70,B7,4195.851569268032,2026-05-10 00:58:26.178931,0
A38,B87,9314.009947440905,2026-04-26 00:58:26.178931,1
A42,B94,5043.655582449904,2025-06-27 00:58:26.178931,1
A14,B51,228.53023527325547,2025-05-30 00:58:26.178931,0
A11,B58,5995.545086180752,2026-01-27 00:58:26.178931,1
A42,B97,6970.095214882452,2025-09-19 00:58:26.178931,1
A85,B77,1298.0530230229124,2026-05-01 00:58:26.178931,0
A38,B74,463.9978057777222,2026-05-01 00:58:26.178931,0
A40,B65,5666.085935960158,2026-01-30 00:58:26.178931,1
A58,B12,7945.959897972757,2026-01-23 00:58:26.178931,1
A78,B29,6941.0953082889855,2026-03-05 00:58:26.178931,1
A92,B56,7409.744816401524,2026-03-13 00:58:26.178931,1
A55,B38,3980.963342229341,2025-09-08 00:58:26.178931,0
A22,B51,6850.095849479539,2025-12-10 00:58:26.178931,1
A89,B19,8703.854642508491,2025-12-08 00:58:26.178931,1
A57,B17,9715.668791823873,2025-11-05 00:58:26.178931,1
A45,B44,1663.5270183017244,2025-07-02 00:58:26.178931,0
A58,B11,7509.770636168799,2025-06-13 00:58:26.178931,1
A6,B61,3847.6626943004194,2025-11-01 00:58:26.178931,0
A94,B74,7795.928013016034,2026-05-13 00:58:26.178931,1
A46,B96,4014.4811048068964,2025-09-03 00:58:26.178931,0
A79,B7,2722.226947673981,2025-12-25 00:58:26.178931,0
A56,B71,1848.8227401373488,2025-09-12 00:58:26.178931,0
A36,B52,1608.4305236731523,2026-05-10 00:58:26.178931,0
A82,B34,2185.899143108773,2025-06-14 00:58:26.178931,0
A8,B11,6970.250258360241,2025-05-22 00:58:26.178931,1
A10,B52,8792.75861886879,2025-05-31 00:58:26.178931,1
A86,B65,7908.562303579068,2025-10-22 00:58:26.178931,1
A82,B56,4559.855459430361,2025-08-14 00:58:26.178931,0
A52,B100,7080.462672699882,2026-04-18 00:58:26.178931,1
A47,B90,5255.481291903241,2026-05-02 00:58:26.178931,1
A66,B17,3041.0676119195373,2026-02-09 00:58:26.178931,0
A96,B98,2211.159913470396,2025-07-25 00:58:26.178931,0
A87,B18,7085.464496854404,2026-05-04 00:58:26.178931,1
A21,B62,5525.987699999235,2026-02-05 00:58:26.178931,1
A4,B72,1719.3798778731764,2026-01-25 00:58:26.178931,0
A19,B26,465.66853374482866,2025-07-28 00:58:26.178931,0
A78,B63,2389.785580750663,2025-09-13 00:58:26.178931,0
A87,B51,400.5158473533188,2026-05-19 00:58:26.178931,0
A57,B84,1489.9133686798766,2025-11-25 00:58:26.178931,0
A5,B74,8837.188697567488,2025-05-28 00:58:26.178931,1
A17,B26,9273.207094284775,2026-04-11 00:58:26.178931,1
A9,B72,2711.644206159521,2025-07-29 00:58:26.178931,0
A31,B79,7908.306969886157,2025-11-15 00:58:26.178931,1
A100,B95,6427.707111689719,2025-09-04 00:58:26.178931,1
A83,B68,2497.590662505233,2026-02-27 00:58:26.178931,0
A47,B32,8235.8685644539,2025-10-31 00:58:26.178931,1
A47,B32,5350.603291993487,2026-02-03 00:58:26.178931,1
A50,B10,23.985615148905286,2026-03-06 00:58:26.178931,0
A73,B35,3481.1443696953497,2025-08-21 00:58:26.178931,0
A5,B100,6055.54376261282,2026-05-19 00:58:26.178931,1
A78,B56,3697.410518321194,2025-07-05 00:58:26.178931,0
A20,B42,841.6291001797762,2025-07-08 00:58:26.178931,0
A87,B88,7057.562555603861,2025-12-29 00:58:26.178931,1
A58,B74,5497.257973236899,2026-01-06 00:58:26.178931,1
A48,B12,7223.575113674848,2025-08-11 00:58:26.178931,1
A48,B15,4089.3453935114608,2025-11-12 00:58:26.178931,0
A57,B86,6118.705518066916,2025-09-03 00:58:26.178931,1
A98,B53,3253.105053475202,2025-11-05 00:58:26.178931,0
A10,B55,582.0616771526145,2026-03-02 00:58:26.178931,0
A74,B47,8161.062338977886,2026-02-08 00:58:26.178931,1
A18,B45,8241.078543001984,2025-07-15 00:58:26.178931,1
A68,B25,2200.603131185933,2026-01-11 00:58:26.178931,0
A47,B42,9652.622369707384,2025-12-02 00:58:26.178931,1
A51,B45,1775.5850390889652,2026-02-11 00:58:26.178931,0
A41,B77,9716.33100268415,2025-12-06 00:58:26.178931,1
A84,B84,5378.513060186823,2026-01-09 00:58:26.178931,1
A36,B4,9787.83624858513,2025-11-02 00:58:26.178931,1
A32,B99,7784.078069856605,2026-03-22 00:58:26.178931,1
A15,B40,7807.326734414543,2025-06-23 00:58:26.178931,1
A4,B22,1073.3628979980638,2025-12-27 00:58:26.178931,0
A95,B45,7460.240191923624,2025-10-03 00:58:26.178931,1
A24,B79,3825.989965700406,2026-05-08 00:58:26.178931,0
A64,B57,6541.708940050587,2025-10-06 00:58:26.178931,1
A67,B80,8701.557626545682,2025-07-18 00:58:26.178931,1
A50,B19,6346.712357084255,2025-06-23 00:58:26.178931,1
A72,B57,5513.269258063498,2025-06-13 00:58:26.178931,1
A16,B6,8170.301826130055,2025-09-02 00:58:26.178931,1
A34,B30,2214.1839848413138,2025-10-27 00:58:26.178931,0
A100,B26,2695.2470897670614,2026-02-07 00:58:26.178931,0
A34,B88,5820.821357084129,2026-02-17 00:58:26.178931,1
A91,B48,8079.2522805454655,2026-03-26 00:58:26.178931,1
A58,B20,7531.4479995569545,2026-05-01 00:58:26.178931,1
A28,B97,1564.8583567596859,2025-11-05 00:58:26.178931,0
A79,B94,2324.914194947636,2026-03-29 00:58:26.178931,0
A37,B11,7265.598378216449,2026-02-06 00:58:26.178931,1
A89,B15,3692.713666870135,2026-02-09 00:58:26.178931,0
A63,B95,9022.659752408257,2025-08-04 00:58:26.178931,1
A26,B7,945.9737108994434,2025-12-21 00:58:26.178931,0
A16,B32,1823.3203032561178,2025-06-03 00:58:26.178931,0
A18,B80,1858.429946212648,2025-06-11 00:58:26.178931,0
A10,B19,8624.898191909078,2026-02-02 00:58:26.178931,1
A58,B37,1896.710615462685,2025-07-23 00:58:26.178931,0
A23,B2,4910.278648764766,2025-12-18 00:58:26.178931,0
A92,B44,7297.505122514533,2025-11-19 00:58:26.178931,1
A57,B89,6479.167074319885,2025-09-27 00:58:26.178931,1
A12,B15,220.26256597415056,2026-04-25 00:58:26.178931,0
A88,B40,1637.5573011016688,2025-06-25 00:58:26.178931,0
A41,B58,1785.5653506280253,2025-07-06 00:58:26.178931,0
A86,B61,3948.0313766508884,2026-01-25 00:58:26.178931,0
A45,B3,6082.142548088742,2025-08-05 00:58:26.178931,1
A91,B43,703.8466555907451,2026-01-13 00:58:26.178931,0
A9,B27,729.7664093202825,2026-01-31 00:58:26.178931,0
A71,B95,2460.0858070380336,2025-09-03 00:58:26.178931,0
A70,B69,9092.219238614562,2026-05-10 00:58:26.178931,1
A38,B28,9704.150795795156,2025-12-15 00:58:26.178931,1
A39,B27,1011.3356485651884,2026-05-16 00:58:26.178931,0
A21,B70,5272.517714288383,2026-02-01 00:58:26.178931,1
A92,B67,7270.378603167366,2026-02-19 00:58:26.178931,1
A91,B97,8081.847339255864,2025-12-03 00:58:26.178931,1
A90,B34,6036.902229683862,2026-02-06 00:58:26.178931,1
A82,B71,3784.9725462948195,2025-09-09 00:58:26.178931,0
A23,B62,216.95199570994626,2025-11-05 00:58:26.178931,0
A47,B80,8267.356860230751,2025-12-06 00:58:26.178931,1
A66,B94,7636.823103106514,2025-09-30 00:58:26.178931,1
A29,B19,6448.376308213402,2025-11-03 00:58:26.178931,1
A16,B89,446.9630249624593,2025-07-18 00:58:26.178931,0
A26,B90,2490.946015145444,2026-02-27 00:58:26.178931,0
A18,B86,845.1195054790987,2025-09-13 00:58:26.178931,0
A31,B3,1434.9297016605572,2025-09-19 00:58:26.178931,0
A64,B49,6277.569921466526,2025-08-08 00:58:26.178931,1
A4,B75,144.8340711450591,2025-07-21 00:58:26.178931,0
A47,B85,9663.944020225612,2025-12-27 00:58:26.178931,1
A71,B68,9576.600734060186,2025-06-15 00:58:26.178931,1
A74,B6,1072.326056571885,2026-01-15 00:58:26.178931,0
A48,B33,7363.953787642501,2026-04-13 00:58:26.178931,1
A60,B22,3390.5152719369144,2025-07-11 00:58:26.178931,0
A71,B8,7077.482991582172,2026-03-29 00:58:26.178931,1
A17,B37,2031.193205422972,2026-05-22 00:58:26.178931,0
A79,B26,4809.450051032906,2026-05-07 00:58:26.178931,0
A12,B90,5632.883832342765,2025-07-09 00:58:26.178931,1
A9,B80,4448.8187201805,2026-04-27 00:58:26.178931,0
A40,B35,1639.8129730729459,2026-05-17 00:58:26.178931,0
A51,B7,3324.2456337384483,2026-01-02 00:58:26.178931,0
A92,B60,1553.588103098053,2026-05-22 00:58:26.178931,0
A93,B84,568.196310697712,2025-12-18 00:58:26.178931,0
A62,B2,6923.4915672383595,2025-10-07 00:58:26.178931,1
A68,B9,6278.583671604789,2025-11-08 00:58:26.178931,1
A53,B50,1239.5243967463591,2025-08-05 00:58:26.178931,0
A99,B85,8250.999765580991,2026-03-02 00:58:26.178931,1
A53,B35,1037.1249642295725,2026-04-03 00:58:26.178931,0
A74,B85,2974.417527352535,2026-04-25 00:58:26.178931,0
A10,B85,5120.308738467873,2025-11-15 00:58:26.178931,1
A17,B47,8366.46901397924,2026-02-01 00:58:26.178931,1
A41,B14,1426.931914255708,2025-06-26 00:58:26.178931,0
A83,B3,9122.54795246485,2026-02-14 00:58:26.178931,1
A10,B38,249.76869020227065,2025-10-18 00:58:26.178931,0
A58,B84,4277.082977145737,2025-11-13 00:58:26.178931,0
A60,B50,1482.291336428865,2026-04-14 00:58:26.178931,0
A88,B30,6557.092328932834,2025-12-30 00:58:26.178931,1
A67,B49,2266.585078818293,2025-10-21 00:58:26.178931,0
A45,B66,8791.11113829412,2025-06-22 00:58:26.178931,1
A17,B91,3853.590635588729,2026-05-11 00:58:26.178931,0
A100,B13,8843.396895985032,2025-12-21 00:58:26.178931,1
A71,B41,8229.62085259803,2026-05-05 00:58:26.178931,1
A82,B63,1132.9626279569234,2026-03-22 00:58:26.178931,0
A76,B77,1703.895023970103,2025-12-19 00:58:26.178931,0
A24,B69,1110.255181439067,2026-03-11 00:58:26.178931,0
A99,B12,1026.3451841108513,2026-01-08 00:58:26.178931,0
A17,B24,9558.932194078896,2025-10-01 00:58:26.178931,1
A56,B26,3579.5059613297617,2026-02-07 00:58:26.178931,0
A65,B65,6160.810712009002,2026-03-22 00:58:26.178931,1
A8,B59,1192.3261948028953,2025-07-01 00:58:26.178931,0
A16,B72,9233.962878046745,2025-06-07 00:58:26.178931,1
A67,B92,9199.537297168335,2026-05-07 00:58:26.178931,1
A20,B3,8956.909044631084,2025-09-21 00:58:26.178931,1
A39,B6,6049.018755998601,2026-02-22 00:58:26.178931,1
A22,B32,1788.897089973075,2026-05-15 00:58:26.178931,0
A21,B68,5309.501600005418,2026-03-26 00:58:26.178931,1
A42,B40,6000.118733807214,2026-04-08 00:58:26.178931,1
A91,B43,6797.538783983834,2026-01-22 00:58:26.178931,1
A29,B63,1510.6981567460618,2025-10-01 00:58:26.178931,0
A45,B51,6676.061115970728,2025-07-30 00:58:26.178931,1
A67,B96,3022.6220301638173,2025-06-01 00:58:26.178931,0
A37,B21,8177.449824491035,2025-08-10 00:58:26.178931,1
A11,B3,3490.3729758059058,2026-01-03 00:58:26.178931,0
A33,B45,1048.1864026801416,2026-01-04 00:58:26.178931,0
A26,B88,9163.181210588777,2026-05-11 00:58:26.178931,1
A82,B46,6620.699835549547,2025-05-28 00:58:26.178931,1
A71,B46,9329.489522660939,2025-08-07 00:58:26.178931,1
A36,B81,8109.086954375927,2025-09-19 00:58:26.178931,1
A17,B39,7115.953755370144,2026-04-20 00:58:26.178931,1
A81,B31,772.9312313398169,2025-06-02 00:58:26.178931,0
A39,B65,31.76586038263491,2026-03-05 00:58:26.179917,0
A79,B36,9331.618534182859,2026-02-01 00:58:26.179917,1
A69,B8,1494.9430515621789,2026-04-19 00:58:26.179917,0
A12,B81,6561.982678207941,2025-10-31 00:58:26.179917,1
A65,B33,3209.3574734503327,2025-06-09 00:58:26.179917,0
A83,B50,3912.0897492206614,2025-11-10 00:58:26.179917,0
A22,B4,7216.221201721867,2026-05-07 00:58:26.179917,1
A76,B72,7857.605479088641,2026-05-03 00:58:26.179917,1
A75,B36,4789.535811903708,2025-09-10 00:58:26.179917,0
A20,B29,682.4632106759294,2025-10-13 00:58:26.179917,0
A22,B20,5782.650366203911,2025-09-26 00:58:26.179917,1
A85,B44,9596.25729128577,2025-10-23 00:58:26.179917,1
A80,B51,2791.9766632857286,2026-02-22 00:58:26.179917,0
A93,B85,913.5657144882047,2026-05-16 00:58:26.179917,0
A78,B18,9947.76910993518,2025-07-31 00:58:26.179917,1
A44,B12,1826.9046398824355,2026-04-30 00:58:26.179917,0
A73,B94,3856.3238024902453,2025-06-20 00:58:26.179917,0
A6,B49,3199.9646413111886,2026-04-20 00:58:26.179917,0
A4,B67,4244.082378730718,2025-12-30 00:58:26.179917,0
A11,B87,6937.274138024152,2025-05-24 00:58:26.179917,1
A6,B79,4145.304013799232,2025-12-29 00:58:26.179917,0
A83,B81,7937.080888745752,2025-09-19 00:58:26.179917,1
A99,B88,3341.3167992296103,2026-02-08 00:58:26.179917,0
A74,B30,8023.387874594795,2026-01-06 00:58:26.179917,1
A34,B54,6543.0026799204425,2026-05-10 00:58:26.179917,1
A84,B31,2466.622135177405,2025-06-13 00:58:26.179917,0
A27,B74,4192.409718989574,2026-01-03 00:58:26.179917,0
A99,B20,4976.051921114958,2026-02-15 00:58:26.179917,0
A74,B55,5342.368761979698,2026-01-22 00:58:26.179917,1
A54,B40,5329.419579779828,2025-06-03 00:58:26.179917,1
A80,B78,8215.827938384145,2025-10-05 00:58:26.179917,1
A82,B43,3852.4262618671432,2026-05-22 00:58:26.179917,0
A4,B58,5813.8297336702135,2025-06-24 00:58:26.179917,1
A64,B70,4224.18920296572,2026-04-30 00:58:26.179917,0
A81,B17,5782.985630766746,2025-08-07 00:58:26.179917,1
A70,B27,6938.054538181483,2025-10-12 00:58:26.179917,1
A38,B84,7485.352161237199,2025-08-09 00:58:26.179917,1
A83,B18,7033.9022001745525,2025-05-28 00:58:26.179917,1
A39,B75,2359.57875924913,2025-09-14 00:58:26.179917,0
A62,B70,38.63239653977599,2026-01-24 00:58:26.179917,0
A32,B88,9939.114068876543,2026-04-28 00:58:26.179917,1
A88,B26,181.37496948510648,2025-12-27 00:58:26.179917,0
A52,B18,5588.160935748548,2025-11-17 00:58:26.179917,1
A39,B40,9576.581556235185,2026-04-07 00:58:26.179917,1
A59,B89,9209.831966612202,2025-07-20 00:58:26.179917,1
A10,B91,605.1781250127074,2025-11-15 00:58:26.179917,0
A89,B68,3499.9818694962314,2025-10-01 00:58:26.179917,0
A8,B18,8489.027476271971,2025-09-23 00:58:26.179917,1
A21,B56,8669.057359536604,2025-08-17 00:58:26.179917,1
A57,B99,8191.914420218014,2026-02-28 00:58:26.179917,1
A54,B19,2954.025908405184,2025-11-12 00:58:26.179917,0
A62,B84,1449.9610206050484,2025-06-19 00:58:26.179917,0
A60,B73,8534.588937010532,2025-11-13 00:58:26.179917,1
A27,B21,9718.477818400443,2025-08-13 00:58:26.179917,1
A44,B41,9130.409549896112,2025-08-19 00:58:26.179917,1
A78,B9,2432.549110615747,2026-03-09 00:58:26.179917,0
A19,B72,8279.939859387472,2025-12-09 00:58:26.179917,1
A41,B69,568.0980020946536,2025-06-29 00:58:26.179917,0
A92,B93,1386.6351147084354,2025-11-26 00:58:26.179917,0
A41,B16,9620.899333960186,2025-10-26 00:58:26.179917,1
A94,B24,7042.588932509236,2026-02-22 00:58:26.179917,1
A45,B41,3780.833224382135,2025-07-29 00:58:26.179917,0
A52,B19,273.2053552140597,2025-10-29 00:58:26.179917,0
A17,B94,9649.482793829146,2025-11-13 00:58:26.179917,1
A98,B4,3723.1254703573322,2025-09-25 00:58:26.179917,0
A48,B98,7017.003616906987,2025-11-26 00:58:26.179917,1
A66,B41,6630.84573075365,2025-12-24 00:58:26.179917,1
A72,B53,746.9652536026938,2026-03-08 00:58:26.179917,0
A14,B53,8375.997573460021,2025-06-12 00:58:26.179917,1
A41,B39,8706.06500238292,2025-09-11 00:58:26.179917,1
A31,B57,311.5554462924432,2025-06-11 00:58:26.179917,0
A60,B96,3658.789740512983,2025-08-18 00:58:26.179917,0
A16,B82,799.1429919601046,2025-10-26 00:58:26.179917,0
A35,B95,779.8823126752092,2025-11-19 00:58:26.179917,0
A58,B36,5696.139714810022,2025-10-13 00:58:26.179917,1
A32,B20,8138.975476330397,2026-04-08 00:58:26.179917,1
A19,B100,1505.6750765183774,2025-07-18 00:58:26.179917,0
A13,B25,1832.4208702366768,2026-01-13 00:58:26.179917,0
A7,B14,7438.143805486879,2026-03-13 00:58:26.179917,1
A38,B17,7483.590172001911,2025-12-03 00:58:26.179917,1
A50,B24,6988.653616146519,2025-11-20 00:58:26.179917,1
A79,B4,3002.0818826343348,2025-06-26 00:58:26.179917,0
A54,B98,4121.109607654426,2025-09-26 00:58:26.179917,0
A32,B79,3379.9965357430024,2025-10-04 00:58:26.179917,0
A21,B79,7816.15510994213,2025-08-19 00:58:26.179917,1
A42,B35,6955.517773717359,2025-06-08 00:58:26.179917,1
A74,B78,2874.8230148967646,2026-02-27 00:58:26.179917,0
A93,B73,1567.3144864991898,2026-05-01 00:58:26.179917,0
A41,B79,8812.759850979732,2025-11-28 00:58:26.179917,1
A25,B30,330.8698817021707,2025-09-05 00:58:26.179917,0
A98,B77,7513.817961991326,2025-07-06 00:58:26.179917,1
A21,B30,5037.921273722383,2026-03-09 00:58:26.179917,1
A64,B30,118.56708697932108,2025-07-20 00:58:26.179917,0
A66,B88,8328.474143236663,2025-11-29 00:58:26.179917,1
A60,B4,6802.236405558415,2025-08-19 00:58:26.179917,1
A64,B46,8761.005372169779,2025-07-03 00:58:26.179917,1
A40,B11,5546.017653546881,2026-03-02 00:58:26.179917,1
A64,B89,8296.887124612651,2025-08-02 00:58:26.179917,1
A3,B100,9192.310798502942,2026-03-12 00:58:26.179917,1
A12,B62,5023.705650547737,2026-02-06 00:58:26.179917,1
A51,B18,7096.434625393713,2025-06-02 00:58:26.179917,1
A65,B65,4242.465913259893,2025-11-01 00:58:26.179917,0
A59,B78,1576.4383654710475,2026-04-11 00:58:26.179917,0
A31,B61,9731.492068755968,2025-10-20 00:58:26.179917,1
A28,B92,5219.795437170767,2026-03-26 00:58:26.179917,1
A75,B84,9779.483574265389,2025-09-08 00:58:26.179917,1
A46,B48,1260.0822267228068,2025-08-17 00:58:26.179917,0
A7,B24,2126.52379207328,2026-05-01 00:58:26.179917,0
A7,B50,6194.247166584493,2025-08-29 00:58:26.179917,1
A37,B63,2196.875065483053,2026-03-30 00:58:26.179917,0
A64,B61,1845.1007894935046,2025-08-01 00:58:26.179917,0
A77,B18,7462.497416959062,2026-05-20 00:58:26.179917,1
A84,B21,5597.349936103695,2026-01-12 00:58:26.179917,1
A87,B25,8418.712764988246,2025-08-14 00:58:26.179917,1
A61,B29,8167.422767634255,2025-06-16 00:58:26.179917,1
A37,B5,4689.676595996234,2026-02-27 00:58:26.179917,0
A69,B53,3138.7647074496185,2026-01-26 00:58:26.179917,0
A2,B98,6422.489434755948,2025-06-06 00:58:26.179917,1
A14,B2,8274.264261058686,2025-05-24 00:58:26.179917,1
A56,B35,1656.5953516674767,2025-12-02 00:58:26.179917,0
A18,B53,8035.359213434655,2025-09-14 00:58:26.179917,1
A34,B29,6470.005485027855,2026-03-24 00:58:26.179917,1
A94,B96,1955.358587253812,2025-12-07 00:58:26.179917,0
A47,B86,1092.9248118620853,2025-11-12 00:58:26.179917,0
A98,B26,787.3076796784195,2025-08-15 00:58:26.179917,0
A52,B97,6035.86976923186,2025-11-01 00:58:26.179917,1
A47,B27,8467.626652876748,2025-08-28 00:58:26.179917,1
A6,B9,290.2081097133739,2025-06-20 00:58:26.179917,0
A52,B23,2829.2472450135374,2025-11-02 00:58:26.179917,0
A7,B57,5420.263470661496,2026-01-30 00:58:26.179917,1
A73,B79,662.5384799911101,2025-07-31 00:58:26.179917,0
A72,B63,5975.136450675579,2025-11-24 00:58:26.179917,1
A25,B89,7567.649189291695,2025-10-26 00:58:26.179917,1
A47,B42,3098.1099245366495,2025-06-04 00:58:26.179917,0
A71,B59,5521.396857986167,2026-03-29 00:58:26.179917,1
A37,B32,6387.505720650606,2026-01-27 00:58:26.179917,1
A10,B55,333.3442487638307,2025-06-29 00:58:26.179917,0
A50,B52,2698.9884446527294,2025-06-27 00:58:26.179917,0
A65,B100,9766.864835437584,2025-10-02 00:58:26.179917,1
A58,B6,5652.320163535302,2026-03-04 00:58:26.179917,1
A98,B78,5641.755827032586,2025-06-01 00:58:26.179917,1
A71,B95,7904.354774454473,2026-02-15 00:58:26.179917,1
A36,B49,466.3493207097687,2026-05-22 00:58:26.179917,0
A80,B93,3152.657119118997,2025-09-06 00:58:26.179917,0
A88,B41,9435.656322784442,2026-03-28 00:58:26.179917,1
A79,B51,94.70252041228674,2025-09-11 00:58:26.179917,0
A16,B79,3572.924944902043,2026-03-10 00:58:26.179917,0
A17,B96,2831.1977764800395,2026-04-16 00:58:26.179917,0
A13,B74,3987.3825212356346,2025-06-01 00:58:26.179917,0
A51,B77,1956.888228219596,2025-12-17 00:58:26.179917,0
A48,B69,7520.904284510811,2026-01-19 00:58:26.179917,1
A44,B68,7259.624367392171,2025-10-27 00:58:26.179917,1
A72,B83,9738.768922044886,2025-12-18 00:58:26.179917,1
A47,B91,7029.541537315527,2026-02-04 00:58:26.179917,1
A97,B5,982.824560924386,2025-08-18 00:58:26.179917,0
A19,B67,4078.7927469324063,2025-06-30 00:58:26.179917,0
A26,B14,7417.098903438063,2026-04-03 00:58:26.179917,1
A78,B58,1019.0188029911315,2026-02-14 00:58:26.179917,0
A66,B59,8076.868388674045,2026-05-10 00:58:26.179917,1
A52,B6,1510.3647142396585,2026-05-14 00:58:26.179917,0
A65,B32,5875.883337950202,2026-05-07 00:58:26.179917,1
A6,B67,3827.2962001320775,2025-12-22 00:58:26.179917,0
A6,B69,5867.718453030551,2026-03-22 00:58:26.179917,1
A5,B51,8521.750690368628,2026-02-05 00:58:26.179917,1
A18,B95,2908.2926157907973,2026-02-16 00:58:26.179917,0
A92,B6,1523.8627306887206,2025-06-08 00:58:26.179917,0
A43,B72,4636.4311681445015,2026-04-16 00:58:26.179917,0
A61,B50,8853.186689416078,2026-04-18 00:58:26.179917,1
A67,B67,941.9757420469426,2026-01-13 00:58:26.179917,0
A59,B98,7187.442446301766,2025-10-03 00:58:26.179917,1
A20,B81,8845.176660078134,2026-03-23 00:58:26.179917,1
A78,B7,8076.68557843404,2025-10-18 00:58:26.179917,1
A66,B25,6545.659298205506,2025-11-20 00:58:26.179917,1
A18,B38,7690.568894582687,2025-06-18 00:58:26.179917,1
A42,B57,1618.8597943949108,2025-10-28 00:58:26.179917,0
A79,B51,9637.036918559543,2026-05-17 00:58:26.179917,1
A41,B39,5167.844966075315,2025-05-30 00:58:26.179917,1
A21,B100,7289.919190714521,2025-07-21 00:58:26.179917,1
A51,B37,6517.435200941844,2025-12-20 00:58:26.179917,1
A79,B60,9302.96976230052,2025-11-28 00:58:26.179917,1
A95,B22,3420.738741087371,2025-11-05 00:58:26.179917,0
A39,B55,7855.665066619692,2025-11-12 00:58:26.179917,1
A76,B38,3396.816881712581,2026-02-05 00:58:26.179917,0
A44,B79,3609.5603934561673,2025-12-18 00:58:26.179917,0
A65,B7,8560.966004520727,2025-10-15 00:58:26.179917,1
A66,B89,4314.705443007714,2025-07-09 00:58:26.179917,0
A69,B67,8907.892510596641,2025-07-25 00:58:26.179917,1
A63,B19,7744.008258073822,2025-09-20 00:58:26.179917,1
A91,B60,3882.4663740300766,2025-07-01 00:58:26.179917,0
A73,B83,2096.118203775024,2025-07-12 00:58:26.179917,0
A39,B58,6107.768457179529,2025-07-23 00:58:26.179917,1
A61,B12,759.2329074485328,2026-05-01 00:58:26.179917,0
A3,B93,1532.4900540958306,2025-06-09 00:58:26.179917,0
A48,B65,6281.618566990653,2025-09-13 00:58:26.179917,1
A43,B15,4980.253014140473,2026-05-06 00:58:26.179917,0
A87,B24,8049.217178518087,2025-09-09 00:58:26.179917,1
A15,B100,1434.7989874743664,2025-12-10 00:58:26.179917,0
A54,B75,8705.870226936993,2025-11-24 00:58:26.179917,1
A75,B90,5475.88916403548,2026-05-07 00:58:26.179917,1
A40,B70,9689.781713827375,2026-01-12 00:58:26.179917,1
A93,B18,7816.640718373634,2025-05-29 00:58:26.179917,1
A89,B51,880.8051629672459,2025-09-22 00:58:26.179917,0
A81,B53,950.1988005901158,2025-11-07 00:58:26.179917,0
A4,B42,3144.0498148313095,2025-08-20 00:58:26.179917,0
A77,B58,9341.21915350203,2026-04-02 00:58:26.179917,1
A61,B4,1623.110124922817,2025-10-18 00:58:26.179917,0
A34,B23,2808.372050071888,2025-06-04 00:58:26.179917,0
A84,B59,3639.6493753057052,2025-07-26 00:58:26.179917,0
A100,B76,901.4001230197234,2025-07-09 00:58:26.179917,0
A75,B92,1800.0706633138927,2025-11-24 00:58:26.179917,0
A74,B26,7721.685699170858,2025-06-06 00:58:26.179917,1
A30,B59,2586.8615540234123,2025-09-13 00:58:26.179917,0
A93,B12,4737.876929082369,2026-05-09 00:58:26.179917,0
A7,B33,2567.7027719008333,2025-11-09 00:58:26.179917,0
A75,B42,8767.812113657841,2026-05-03 00:58:26.179917,1
A62,B89,6506.417909729228,2025-09-15 00:58:26.179917,1
A22,B84,1413.0679635621339,2026-04-08 00:58:26.179917,0
A68,B92,1248.4225805631995,2025-09-21 00:58:26.179917,0
A81,B21,5691.647164879048,2026-01-13 00:58:26.179917,1
A93,B92,405.5304867855185,2025-08-17 00:58:26.179917,0
A80,B94,8591.442521612229,2026-04-05 00:58:26.179917,1
A100,B16,4015.382750825896,2026-04-10 00:58:26.179917,0
A49,B12,8571.439581071123,2026-01-17 00:58:26.179917,1
A19,B15,9172.229762815252,2025-07-03 00:58:26.179917,1
A88,B91,1298.5525427301855,2026-04-04 00:58:26.179917,0
A32,B58,3673.6553362732207,2025-10-02 00:58:26.179917,0
A5,B82,8449.908080101555,2025-11-09 00:58:26.179917,1
A74,B47,9520.929137642068,2025-12-01 00:58:26.179917,1
A90,B11,3743.094125047851,2026-01-19 00:58:26.179917,0
A15,B68,6825.186959414261,2025-07-17 00:58:26.179917,1
A25,B91,5064.364875453873,2025-09-24 00:58:26.179917,1
A3,B50,2635.6460529961587,2026-05-05 00:58:26.179917,0
A57,B94,8756.609201822945,2025-12-08 00:58:26.179917,1
A41,B66,6828.7303083116485,2025-12-15 00:58:26.179917,1
A54,B79,6209.931101013288,2025-08-13 00:58:26.179917,1
A20,B21,6442.229185104489,2025-05-27 00:58:26.179917,1
A53,B49,7413.015177085998,2025-10-03 00:58:26.179917,1
A89,B71,2455.7196851853682,2026-02-01 00:58:26.179917,0
A27,B49,8214.138000327319,2025-07-12 00:58:26.179917,1
A53,B6,89.35002970752551,2025-10-24 00:58:26.179917,0
A65,B99,8532.067245780878,2026-04-04 00:58:26.179917,1
A100,B22,2913.699395838816,2026-05-17 00:58:26.179917,0
A79,B43,1590.4759820225524,2025-06-06 00:58:26.179917,0
A61,B73,3998.811399264288,2026-03-18 00:58:26.179917,0
A95,B85,739.0569835028223,2025-07-23 00:58:26.179917,0
A94,B20,3888.347759342545,2025-06-11 00:58:26.179917,0
A8,B21,4628.162936678634,2026-05-08 00:58:26.179917,0
A91,B19,944.0961704096958,2025-09-05 00:58:26.179917,0
A18,B23,4664.117184580878,2025-10-07 00:58:26.179917,0
A67,B99,6428.419981567608,2026-04-17 00:58:26.179917,1
A27,B92,9002.263889496882,2025-09-07 00:58:26.179917,1
A72,B7,4653.881439865375,2026-02-19 00:58:26.179917,0
A42,B54,867.367237887761,2025-09-27 00:58:26.179917,0
A85,B40,7320.4634516865,2026-01-02 00:58:26.179917,1
A62,B40,9175.428915291173,2025-05-31 00:58:26.179917,1
A68,B94,9225.682579915816,2025-08-06 00:58:26.179917,1
A49,B99,7684.484337842559,2025-11-05 00:58:26.179917,1
A41,B58,2002.7152884840175,2025-08-21 00:58:26.179917,0
A23,B37,3293.919165090252,2025-06-22 00:58:26.179917,0
A59,B81,3179.675774058782,2026-04-28 00:58:26.179917,0
A69,B24,9964.41793864705,2026-01-13 00:58:26.179917,1
A44,B16,4868.087211878787,2025-07-27 00:58:26.179917,0
A70,B17,7025.885476808508,2026-03-23 00:58:26.179917,1
A46,B26,4767.432492018648,2025-05-30 00:58:26.179917,0
A87,B1,2790.966876903479,2025-08-31 00:58:26.179917,0
A99,B80,392.44056526840717,2025-09-13 00:58:26.179917,0
A93,B98,1565.8537639368426,2026-02-22 00:58:26.179917,0
A88,B33,4704.975776178261,2025-10-03 00:58:26.179917,0
A83,B2,6405.761655662705,2025-12-23 00:58:26.179917,1
A89,B59,3208.6643260447945,2026-02-28 00:58:26.179917,0
A34,B64,322.9193076359421,2026-05-02 00:58:26.179917,0
A79,B64,6014.763359534093,2025-12-25 00:58:26.179917,1
A62,B70,3809.0453911824416,2025-07-19 00:58:26.179917,0
A25,B1,9365.232068875808,2025-12-04 00:58:26.179917,1
A32,B78,3621.31266152632,2025-10-16 00:58:26.179917,0
A36,B64,4306.796294047107,2026-03-27 00:58:26.179917,0
A72,B31,4739.362297595098,2025-06-05 00:58:26.179917,0
A39,B28,550.2343757660232,2026-03-04 00:58:26.179917,0
A29,B76,8681.525811398013,2026-04-13 00:58:26.179917,1
A39,B85,9526.923644383085,2026-02-10 00:58:26.179917,1
A99,B61,6839.8776891453135,2025-09-18 00:58:26.179917,1
A37,B59,2705.7826205953365,2025-09-16 00:58:26.179917,0
A91,B53,6360.5160564131675,2026-01-15 00:58:26.179917,1
A27,B57,845.0769214031216,2026-05-20 00:58:26.179917,0
A89,B11,701.8979049944431,2025-11-05 00:58:26.179917,0
A91,B77,4056.6341160705233,2025-06-22 00:58:26.179917,0
A63,B77,2990.384661697008,2026-02-21 00:58:26.179917,0
A41,B1,7124.944956151358,2025-11-11 00:58:26.179917,1
A62,B32,8714.178405724624,2026-04-30 00:58:26.179917,1
A45,B71,5252.531650579779,2025-12-19 00:58:26.179917,1
A72,B36,6699.747552810632,2026-02-18 00:58:26.179917,1
A93,B80,2601.877785838708,2026-01-28 00:58:26.179917,0
A36,B81,8307.185424096027,2025-11-29 00:58:26.179917,1
A37,B72,933.488187720002,2025-06-07 00:58:26.179917,0
A16,B27,9017.400954001081,2025-07-28 00:58:26.179917,1
A74,B7,3426.771287501037,2025-09-12 00:58:26.179917,0
A87,B24,7534.228745595223,2026-01-25 00:58:26.179917,1
A70,B19,1653.687480345867,2025-05-22 00:58:26.179917,0
A49,B8,3499.2698284983408,2025-10-07 00:58:26.179917,0
A51,B84,4196.819768484206,2025-05-29 00:58:26.179917,0
A45,B45,4760.239184794633,2026-03-24 00:58:26.179917,0
A99,B5,6891.416627770181,2026-04-01 00:58:26.179917,1
A19,B19,1615.2847081142836,2026-02-27 00:58:26.179917,0
A38,B5,6969.933957185388,2026-03-12 00:58:26.179917,1
A6,B86,3553.3768412236277,2026-03-16 00:58:26.179917,0
A37,B74,6932.08535326619,2025-07-17 00:58:26.179917,1
A92,B78,3897.4882913524416,2025-08-07 00:58:26.179917,0
A11,B39,109.21577396597924,2026-05-10 00:58:26.179917,0
A45,B43,7832.893015957288,2025-10-10 00:58:26.179917,1
A57,B12,5975.315099758015,2025-09-10 00:58:26.179917,1
A84,B7,787.3090462387319,2025-11-16 00:58:26.179917,0
A33,B14,6682.945258834277,2025-05-30 00:58:26.179917,1
A96,B54,6168.958617931054,2025-10-14 00:58:26.179917,1
A62,B23,3244.0884218662136,2026-05-12 00:58:26.179917,0
A28,B21,9863.815790912531,2025-05-25 00:58:26.179917,1
A26,B87,9390.300897406207,2025-08-27 00:58:26.179917,1
A69,B37,7430.935110629326,2025-06-01 00:58:26.179917,1
A35,B79,7369.825666576138,2025-11-15 00:58:26.179917,1
A72,B85,3171.987740633829,2025-07-01 00:58:26.179917,0
A90,B89,1513.5577331188774,2025-08-17 00:58:26.179917,0
A35,B90,4592.0040818963635,2026-03-29 00:58:26.179917,0
A18,B77,1483.390995334552,2025-10-20 00:58:26.179917,0
A14,B74,8644.3704725125,2025-09-22 00:58:26.179917,1
A79,B72,1144.932691993176,2026-05-05 00:58:26.179917,0
A95,B23,9700.061485936594,2025-12-31 00:58:26.179917,1
A76,B59,4069.80251517444,2025-10-11 00:58:26.179917,0
A31,B96,5211.710065123718,2025-08-10 00:58:26.179917,1
A32,B75,46.73214348035785,2025-05-28 00:58:26.179917,0
A7,B47,4511.084084986181,2025-10-18 00:58:26.179917,0
A86,B5,8326.78317080511,2026-04-18 00:58:26.179917,1
A68,B12,1265.9148785962727,2026-04-19 00:58:26.179917,0
A29,B99,4498.793221732785,2026-04-08 00:58:26.179917,0
A82,B39,9694.880539312857,2026-01-08 00:58:26.179917,1
A30,B42,983.486084375492,2025-06-16 00:58:26.179917,0
A7,B48,2194.0414921910924,2025-11-20 00:58:26.179917,0
A13,B49,9790.529568975366,2025-09-21 00:58:26.179917,1
A53,B9,4207.559327911558,2025-10-29 00:58:26.179917,0
A43,B98,5465.401414752752,2025-09-05 00:58:26.179917,1
A92,B55,1669.3492700414668,2026-01-18 00:58:26.179917,0
A61,B71,3781.790149131502,2026-03-13 00:58:26.179917,0
A13,B9,3487.374684628345,2026-03-22 00:58:26.179917,0
A88,B38,9524.24504294752,2026-05-10 00:58:26.179917,1
A99,B61,9717.727606590734,2026-03-01 00:58:26.179917,1
A18,B18,5772.595927726429,2026-04-08 00:58:26.179917,1
A1,B16,153.5664687220866,2025-08-03 00:58:26.179917,0
A71,B89,8139.655700060029,2026-02-16 00:58:26.179917,1
A21,B36,171.75077458042801,2025-06-16 00:58:26.179917,0
A53,B43,8967.582587127272,2026-02-11 00:58:26.179917,1
A84,B68,5025.831148939763,2025-10-06 00:58:26.179917,1
A61,B53,8678.903901995764,2025-06-19 00:58:26.179917,1
A62,B68,6996.178289400899,2025-08-16 00:58:26.179917,1
A84,B27,6492.627656165444,2025-11-12 00:58:26.179917,1
A26,B90,4565.414875420904,2025-08-10 00:58:26.179917,0
A97,B27,4109.764240263197,2026-01-08 00:58:26.179917,0
A37,B79,3528.590095516866,2025-09-20 00:58:26.179917,0
A42,B8,5429.245491580914,2026-04-18 00:58:26.179917,1
A37,B14,5236.466529749042,2025-06-20 00:58:26.179917,1
A83,B74,7653.160587809293,2026-02-17 00:58:26.179917,1
A8,B94,1142.666194470413,2025-07-28 00:58:26.179917,0
A99,B81,1766.3799120012475,2025-10-23 00:58:26.179917,0
A12,B68,4289.552303086844,2026-03-24 00:58:26.179917,0
A84,B12,1777.1826546043765,2025-08-09 00:58:26.179917,0
A74,B62,5952.969183288103,2026-05-02 00:58:26.179917,1
A30,B93,5432.201159256718,2026-01-24 00:58:26.179917,1
A69,B89,3821.817595567025,2026-02-08 00:58:26.179917,0
A95,B78,8452.465170021802,2026-03-08 00:58:26.179917,1
A93,B91,6888.621054858085,2025-12-20 00:58:26.179917,1
A5,B37,4380.561780592287,2026-03-15 00:58:26.179917,0
A23,B55,2839.6511434309577,2025-05-28 00:58:26.179917,0
A54,B78,6207.561131042512,2025-11-03 00:58:26.179917,1
A23,B41,9252.104612885183,2026-05-17 00:58:26.179917,1
A5,B34,8571.402698839145,2025-11-13 00:58:26.179917,1
A51,B68,9953.678580040674,2026-04-22 00:58:26.179917,1
A64,B74,8061.338228091395,2025-09-03 00:58:26.179917,1
A24,B80,1047.0822752675635,2026-05-16 00:58:26.179917,0
A96,B46,6499.749616415058,2026-03-26 00:58:26.179917,1
A38,B17,6166.441112277228,2025-08-27 00:58:26.179917,1
A5,B79,4118.683845517905,2025-06-16 00:58:26.179917,0
A2,B73,4969.085241570601,2026-01-06 00:58:26.179917,0
A39,B64,7519.750318989296,2025-07-27 00:58:26.179917,1
A73,B67,9273.016804098263,2025-08-24 00:58:26.179917,1
A78,B94,1006.0237032094317,2026-05-18 00:58:26.179917,0
A14,B81,4446.592531193654,2025-12-18 00:58:26.179917,0
A43,B64,5816.52348362392,2026-03-13 00:58:26.179917,1
A37,B64,336.0290175707948,2025-12-10 00:58:26.179917,0
A59,B24,2906.1455474684794,2026-01-18 00:58:26.179917,0
A83,B79,4212.202167485598,2025-09-19 00:58:26.179917,0
A70,B30,2236.5649150388963,2026-02-02 00:58:26.179917,0
A68,B91,4551.752499493682,2026-02-15 00:58:26.179917,0
A64,B38,3816.987512512997,2025-06-17 00:58:26.179917,0
A18,B25,1963.6467794691239,2025-09-21 00:58:26.179917,0
A65,B1,4701.046682193945,2025-09-20 00:58:26.179917,0
A60,B16,1253.1612030612719,2025-09-19 00:58:26.179917,0
A35,B4,9676.484859508088,2026-02-02 00:58:26.179917,1
A25,B60,9141.15289252126,2026-04-02 00:58:26.179917,1
A15,B81,4135.218074402627,2026-02-23 00:58:26.179917,0
A43,B16,8205.975572482836,2025-11-05 00:58:26.179917,1
A21,B95,7041.311218131373,2025-08-12 00:58:26.179917,1
A94,B27,7414.119038314577,2025-07-02 00:58:26.179917,1
A59,B79,85.97529855945577,2025-07-05 00:58:26.179917,0
A83,B54,3752.691572190363,2025-08-18 00:58:26.179917,0
A33,B53,2247.1266220549674,2026-04-16 00:58:26.179917,0
A92,B6,2843.2081829265894,2026-03-09 00:58:26.179917,0
A24,B43,8797.275536658106,2025-06-15 00:58:26.179917,1
A2,B45,2652.3457147992613,2026-03-18 00:58:26.179917,0
A95,B72,8386.456906033336,2025-09-03 00:58:26.179917,1
A44,B82,7953.430711733427,2026-03-09 00:58:26.179917,1
A38,B28,4153.018079074286,2026-04-18 00:58:26.179917,0
A73,B2,2423.128846597179,2025-09-20 00:58:26.179917,0
A87,B82,9002.870660211891,2025-09-02 00:58:26.179917,1
A97,B26,4151.421033415342,2026-04-15 00:58:26.179917,0
A25,B89,165.14534832690427,2025-08-06 00:58:26.179917,0
A23,B37,1542.2197302967018,2026-02-27 00:58:26.179917,0
A79,B33,3750.3133476472535,2026-01-16 00:58:26.179917,0
A82,B9,8168.903044420799,2025-07-06 00:58:26.179917,1
A52,B40,8202.143558599366,2025-10-23 00:58:26.179917,1
A55,B39,6003.457285475245,2025-07-06 00:58:26.179917,1
A66,B65,3357.5484818399195,2025-11-18 00:58:26.179917,0
A42,B71,9592.014323518817,2026-01-27 00:58:26.179917,1
A12,B42,9928.362957283083,2026-01-08 00:58:26.179917,1
A52,B99,2425.8928195524086,2025-10-26 00:58:26.179917,0
A86,B1,9735.168327388988,2026-04-22 00:58:26.179917,1
A13,B15,1934.6774296948042,2025-10-13 00:58:26.179917,0
A24,B88,6447.899237716527,2026-05-01 00:58:26.179917,1
A18,B43,8287.21349645625,2025-12-09 00:58:26.179917,1
A62,B44,8015.303145871194,2025-11-01 00:58:26.179917,1
A42,B51,5782.757621830205,2026-05-08 00:58:26.179917,1
A32,B93,1297.4159394541614,2026-02-13 00:58:26.179917,0
A1,B73,6366.372178198492,2025-06-13 00:58:26.179917,1
A34,B79,9773.782789959356,2025-11-12 00:58:26.179917,1
A50,B4,1745.435535439543,2025-11-03 00:58:26.179917,0
A31,B23,9042.672009677202,2025-10-04 00:58:26.179917,1
A58,B25,5177.59800942877,2025-07-16 00:58:26.179917,1
A97,B43,4379.641854147504,2026-01-27 00:58:26.179917,0
A35,B44,1004.7834601487833,2026-03-18 00:58:26.179917,0
A43,B87,8013.708023146089,2025-09-19 00:58:26.179917,1
A39,B62,5047.5278952162225,2025-07-12 00:58:26.179917,1
A75,B61,6318.096274089576,2025-09-04 00:58:26.179917,1
A93,B5,7844.970126943302,2025-10-26 00:58:26.179917,1
A74,B83,8431.87695901168,2025-06-26 00:58:26.179917,1
A2,B18,6276.910632606498,2025-07-01 00:58:26.179917,1
A34,B62,2609.698926620225,2026-03-03 00:58:26.179917,0
A84,B20,5533.526030621983,2026-01-19 00:58:26.179917,1
A47,B81,9487.516034475135,2025-07-20 00:58:26.179917,1
A89,B59,2045.5881410212191,2025-08-29 00:58:26.179917,0
A31,B69,941.7214157145157,2025-12-26 00:58:26.179917,0
A8,B43,4379.836177939666,2025-09-10 00:58:26.179917,0
A86,B60,6292.652320657834,2026-04-14 00:58:26.179917,1
A16,B53,5936.949036113587,2025-10-13 00:58:26.179917,1
A60,B96,287.9051590324588,2025-07-19 00:58:26.179917,0
A40,B8,7078.683379302084,2026-05-07 00:58:26.179917,1
A21,B67,9206.737996073623,2025-10-21 00:58:26.179917,1
A52,B39,796.9373191313468,2026-04-19 00:58:26.179917,0
A88,B73,3830.2244427252244,2025-08-08 00:58:26.179917,0
A65,B93,7425.972843500598,2026-04-09 00:58:26.179917,1
A91,B87,1314.1746709816734,2025-05-27 00:58:26.179917,0
A99,B41,4542.525555106155,2026-03-09 00:58:26.179917,0
A40,B72,6318.702904120993,2025-06-28 00:58:26.179917,1
A89,B69,3587.6323044574715,2026-05-02 00:58:26.179917,0
A16,B3,2404.8216234050833,2025-11-14 00:58:26.179917,0
A82,B27,8980.113313461354,2025-12-31 00:58:26.179917,1
A38,B74,2976.255838396779,2025-11-02 00:58:26.179917,0
A48,B88,5358.81803077581,2025-12-30 00:58:26.179917,1
A79,B43,2460.091632871799,2025-09-27 00:58:26.179917,0
A29,B46,7802.489237583451,2025-06-24 00:58:26.179917,1
A29,B9,7862.621508742038,2025-11-29 00:58:26.179917,1
A18,B20,7706.211937980297,2025-12-18 00:58:26.179917,1
A62,B36,6595.984377689444,2025-08-21 00:58:26.179917,1
A20,B4,2756.8986011207403,2025-07-17 00:58:26.179917,0
A59,B44,9350.40917483164,2025-12-06 00:58:26.179917,1
A96,B49,6278.105709487027,2025-12-16 00:58:26.179917,1
A78,B81,6387.481832341331,2025-09-24 00:58:26.179917,1
A48,B69,5797.752211993344,2025-09-03 00:58:26.179917,1
A54,B22,1043.1581098452646,2025-09-15 00:58:26.179917,0
A90,B74,4596.68595904647,2025-11-06 00:58:26.179917,0
A71,B78,5962.985474807146,2025-06-04 00:58:26.180916,1
A61,B50,1079.6957675139265,2025-07-25 00:58:26.180916,0
A97,B24,2831.805753911485,2025-06-01 00:58:26.180916,0
A69,B77,8947.101837876966,2025-08-09 00:58:26.180916,1
A86,B15,936.8436387407806,2025-06-07 00:58:26.180916,0
A28,B97,4947.508061288222,2025-07-17 00:58:26.180916,0
A98,B40,3620.3592057381866,2025-07-20 00:58:26.180916,0
A32,B91,8384.775674549079,2025-06-18 00:58:26.180916,1
A88,B41,3914.0940839477657,2025-08-02 00:58:26.180916,0
A97,B91,4915.459205109329,2026-03-13 00:58:26.180916,0
A77,B5,229.3501144149434,2025-09-24 00:58:26.180916,0
A11,B35,745.023937153128,2025-12-01 00:58:26.180916,0
A68,B53,9592.579558793983,2026-04-06 00:58:26.180916,1
A58,B12,772.3637240443874,2025-06-02 00:58:26.180916,0
A68,B64,6876.490743196547,2025-09-14 00:58:26.180916,1
A91,B31,3758.7911508101074,2025-11-28 00:58:26.180916,0
A47,B48,3142.713509791958,2025-08-23 00:58:26.180916,0
A10,B58,9083.94097495285,2025-08-31 00:58:26.180916,1
A73,B39,8087.405061121473,2025-07-11 00:58:26.180916,1
A15,B28,1806.2662940812274,2025-07-03 00:58:26.180916,0
A8,B68,111.30151336897396,2026-04-20 00:58:26.180916,0
A71,B39,1794.9839500342848,2026-01-14 00:58:26.180916,0
A65,B23,5677.265559701784,2025-07-04 00:58:26.180916,1
A26,B15,6070.482041385331,2026-01-05 00:58:26.180916,1
A74,B48,324.1902317173718,2026-01-04 00:58:26.180916,0
A69,B5,9759.399582405957,2025-12-26 00:58:26.180916,1
A20,B100,9937.458381536375,2025-07-22 00:58:26.180916,1
A22,B26,4844.270817110026,2025-09-02 00:58:26.180916,0
A42,B12,6143.909914224808,2026-01-26 00:58:26.180916,1
A67,B57,5469.362889007444,2025-12-13 00:58:26.180916,1
A57,B65,1592.2988009621795,2025-12-08 00:58:26.180916,0
A15,B4,7419.551321807989,2026-01-20 00:58:26.180916,1
A88,B62,9266.565960680844,2025-08-06 00:58:26.180916,1
A27,B65,1936.5241439271463,2026-02-14 00:58:26.180916,0
A92,B20,305.25687533752796,2025-11-25 00:58:26.180916,0
A75,B25,240.15136916018395,2025-12-17 00:58:26.180916,0
A63,B44,5122.329762220383,2026-02-13 00:58:26.180916,1
A12,B62,1531.9367057152253,2025-12-02 00:58:26.180916,0
A66,B94,8670.07383700652,2025-08-30 00:58:26.180916,1
A58,B68,1156.736685385838,2025-06-10 00:58:26.180916,0
A8,B40,2177.4082762351713,2025-10-24 00:58:26.180916,0
A59,B100,3282.121883960549,2025-12-31 00:58:26.180916,0
A17,B42,2205.4135035246095,2026-01-07 00:58:26.180916,0
A66,B19,7280.161551155903,2025-07-20 00:58:26.180916,1
A54,B99,9399.082554687087,2025-10-17 00:58:26.180916,1
A59,B13,2683.229417234123,2025-06-14 00:58:26.180916,0
A73,B67,4820.932972583048,2025-06-19 00:58:26.180916,0
A8,B87,9532.76131606682,2026-02-15 00:58:26.180916,1
A72,B17,3492.04826305624,2025-07-13 00:58:26.180916,0
A60,B27,5519.456169774577,2026-03-12 00:58:26.180916,1
A87,B93,2950.2655651850027,2025-06-04 00:58:26.180916,0
A40,B5,7454.492615923487,2025-12-22 00:58:26.180916,1
A93,B59,4963.05903685286,2026-02-14 00:58:26.180916,0
A3,B50,5131.438901826689,2025-06-05 00:58:26.180916,1
A51,B92,4005.4220947195404,2025-06-05 00:58:26.180916,0
A33,B67,1938.6118409665714,2025-11-18 00:58:26.180916,0
A1,B15,1737.8655592112661,2025-05-23 00:58:26.180916,0
A96,B1,6873.7039926044445,2025-08-18 00:58:26.180916,1
A28,B40,8874.27576308539,2025-08-12 00:58:26.180916,1
A75,B6,2818.016812198566,2025-12-09 00:58:26.180916,0
A10,B88,3934.330987020708,2026-02-07 00:58:26.180916,0
A6,B77,5840.64607160986,2025-09-28 00:58:26.180916,1
A55,B12,7666.824183612413,2025-07-29 00:58:26.180916,1
A45,B43,3122.7354441201282,2025-08-29 00:58:26.180916,0
A90,B60,7943.0542662461075,2026-02-23 00:58:26.180916,1
A9,B6,9538.08312649565,2026-03-23 00:58:26.180916,1
A70,B14,4883.43957715021,2025-12-24 00:58:26.180916,0
A8,B67,8829.744761341182,2025-06-30 00:58:26.180916,1
A9,B99,4243.135844449211,2026-01-16 00:58:26.180916,0
A61,B85,7473.321908518839,2026-02-06 00:58:26.180916,1
A5,B96,8160.763073670114,2025-07-20 00:58:26.180916,1
A37,B40,6232.880513478185,2025-07-02 00:58:26.180916,1
A53,B3,6076.883544673234,2025-12-01 00:58:26.180916,1
A24,B74,4298.836627268869,2026-02-18 00:58:26.180916,0
A99,B98,5675.748926815583,2025-06-25 00:58:26.180916,1
A18,B40,3745.8652629700878,2025-09-10 00:58:26.180916,0
A99,B82,6330.6576905043685,2025-11-12 00:58:26.180916,1
A83,B27,652.0198663289824,2026-01-17 00:58:26.180916,0
A94,B42,1680.8180384010252,2025-11-03 00:58:26.180916,0
A83,B26,347.26250873054045,2025-09-17 00:58:26.180916,0
A54,B25,5118.454533205225,2026-01-04 00:58:26.180916,1
A48,B37,5872.823736175779,2025-08-05 00:58:26.180916,1
A49,B36,2941.8007268963906,2025-09-29 00:58:26.180916,0
A58,B69,8268.597322134288,2025-08-20 00:58:26.180916,1
A49,B41,6454.528726222195,2025-11-29 00:58:26.180916,1
A49,B99,9651.801038978076,2026-03-09 00:58:26.180916,1
A11,B57,3529.010823660222,2026-01-12 00:58:26.180916,0
A88,B86,309.100104163237,2025-07-16 00:58:26.180916,0
A85,B16,1807.2433173083825,2026-04-16 00:58:26.180916,0
A70,B35,3233.5848081825234,2026-01-13 00:58:26.180916,0
A18,B20,7911.054760197474,2026-03-20 00:58:26.180916,1
A84,B21,3583.8677225316187,2025-11-11 00:58:26.180916,0
A45,B36,735.6769087142474,2025-08-14 00:58:26.180916,0
A16,B15,6572.9765701508995,2025-11-02 00:58:26.180916,1
A23,B2,3725.923200837867,2026-05-21 00:58:26.180916,0
A69,B80,7797.350389520707,2026-04-18 00:58:26.180916,1
A51,B72,1231.8130154627083,2026-02-15 00:58:26.180916,0
A68,B66,3192.705519914934,2026-01-12 00:58:26.180916,0
A17,B14,118.90123293443094,2025-09-11 00:58:26.180916,0
A94,B27,3295.405197110671,2025-10-02 00:58:26.180916,0
A29,B70,4659.11250575645,2025-08-14 00:58:26.180916,0
A1,B45,7954.441817197179,2025-07-28 00:58:26.180916,1
A97,B71,8988.452299417264,2026-01-01 00:58:26.180916,1
A3,B41,5620.789428887435,2025-09-03 00:58:26.180916,1
A39,B35,3862.0529233910615,2025-08-05 00:58:26.180916,0
A60,B19,6022.00109176062,2025-10-19 00:58:26.180916,1
A87,B91,5277.350991163102,2026-02-10 00:58:26.180916,1
A93,B37,1038.172734856437,2026-01-06 00:58:26.180916,0
A70,B74,2787.704200338524,2026-04-26 00:58:26.180916,0
A55,B32,6082.964698249458,2025-10-16 00:58:26.180916,1
A69,B22,8834.767635659804,2025-07-05 00:58:26.180916,1
A49,B10,8600.527262588861,2025-09-14 00:58:26.180916,1
A30,B40,757.4937171022918,2025-07-22 00:58:26.180916,0
A32,B79,8927.713560881008,2026-03-28 00:58:26.180916,1
A59,B44,4223.283906612529,2025-09-21 00:58:26.180916,0
A45,B70,7564.450022263107,2025-10-11 00:58:26.180916,1
A20,B57,3184.655114232084,2025-11-05 00:58:26.180916,0
A36,B7,3208.012875762005,2025-12-13 00:58:26.180916,0
A25,B17,1979.2612897314184,2026-03-22 00:58:26.180916,0
A93,B4,8029.224669221067,2026-03-12 00:58:26.180916,1
A98,B61,4991.523174550015,2026-02-19 00:58:26.180916,0
A15,B87,9902.694567526954,2026-03-21 00:58:26.180916,1
A5,B7,4218.160088445228,2025-11-18 00:58:26.180916,0
A85,B14,1249.6858643988012,2026-04-25 00:58:26.180916,0
A54,B50,1719.6858930460542,2026-05-01 00:58:26.180916,0
A79,B7,3275.478849677735,2026-04-17 00:58:26.180916,0
A99,B12,3834.746606512777,2025-12-31 00:58:26.180916,0
A3,B55,5768.374040443258,2026-03-28 00:58:26.180916,1
A31,B51,2857.518772692863,2025-08-15 00:58:26.180916,0
A27,B23,6440.229418987209,2025-08-21 00:58:26.180916,1
A9,B91,8562.46963852517,2026-01-05 00:58:26.180916,1
A13,B77,9879.668108272728,2026-03-18 00:58:26.180916,1
A77,B76,9117.315003149963,2026-04-03 00:58:26.180916,1
A5,B81,2850.8145306204988,2025-06-05 00:58:26.180916,0
A58,B89,8418.012209377192,2025-10-18 00:58:26.180916,1
A77,B90,4034.0797913053016,2026-02-07 00:58:26.180916,0
A87,B58,8959.336955691391,2026-05-02 00:58:26.180916,1
A91,B79,9181.164484693569,2025-06-18 00:58:26.180916,1
A7,B46,400.811242688631,2025-08-05 00:58:26.180916,0
A32,B40,6451.308907513024,2026-04-22 00:58:26.180916,1
A95,B43,703.8466054516626,2026-05-17 00:58:26.180916,0
A6,B26,960.2469795957477,2026-03-26 00:58:26.180916,0
A52,B92,8027.107688312514,2025-12-01 00:58:26.180916,1
A57,B98,7235.304159275985,2025-07-07 00:58:26.180916,1
A30,B86,2753.9887268746243,2026-01-01 00:58:26.180916,0
A70,B69,7539.385870730775,2025-12-28 00:58:26.180916,1
A28,B11,4009.439982450562,2025-10-14 00:58:26.180916,0
A97,B97,5568.937511804611,2026-01-19 00:58:26.180916,1
A100,B98,3138.6148654166445,2026-01-24 00:58:26.180916,0
A8,B60,6127.083263473637,2026-01-30 00:58:26.180916,1
A18,B73,3939.341642271382,2025-07-10 00:58:26.180916,0
A65,B17,6967.604819236909,2025-07-17 00:58:26.180916,1
A38,B12,4551.271594527609,2025-08-03 00:58:26.180916,0
A30,B90,8488.236404914858,2026-01-06 00:58:26.180916,1
A94,B60,9671.853752699593,2025-08-13 00:58:26.180916,1
A74,B13,1222.91533658151,2025-11-22 00:58:26.180916,0
A41,B59,3745.321768579337,2026-01-21 00:58:26.180916,0
A74,B40,6183.5902453691415,2026-03-06 00:58:26.180916,1
A77,B88,302.5889365963893,2026-05-11 00:58:26.180916,0
A99,B83,487.86404361062296,2025-08-12 00:58:26.180916,0
A87,B91,113.85631081429726,2025-07-27 00:58:26.180916,0
A42,B99,1060.3055840393022,2025-12-11 00:58:26.180916,0
A31,B60,3235.361813197089,2026-01-30 00:58:26.180916,0
A39,B61,6879.113129416786,2026-02-24 00:58:26.180916,1
A19,B30,4362.467798897244,2025-11-07 00:58:26.180916,0
A85,B29,1710.2126111037062,2026-02-07 00:58:26.180916,0
A67,B19,1919.6853363799898,2025-08-18 00:58:26.180916,0
A29,B79,9023.74208275003,2025-07-11 00:58:26.180916,1
A53,B34,3695.1065340140062,2026-05-14 00:58:26.180916,0
A39,B47,9029.777026550531,2026-03-01 00:58:26.180916,1
A36,B51,9895.754647473723,2026-04-06 00:58:26.180916,1
A8,B24,9341.762456786111,2025-08-03 00:58:26.180916,1
A72,B90,8681.468575927502,2025-07-12 00:58:26.180916,1
A76,B86,2604.2800336655987,2026-01-04 00:58:26.180916,0
A95,B43,7851.590913983665,2025-09-16 00:58:26.180916,1
A23,B42,1116.9279343601593,2026-03-20 00:58:26.180916,0
A81,B59,9471.97715945436,2026-04-04 00:58:26.180916,1
A87,B63,759.6713305609973,2026-01-16 00:58:26.180916,0
A55,B4,3299.996452721481,2025-10-26 00:58:26.180916,0
A72,B9,6131.37882365556,2026-01-29 00:58:26.180916,1
A64,B61,8126.730408234664,2026-01-19 00:58:26.180916,1
A7,B15,2706.421423253876,2025-09-29 00:58:26.180916,0
A45,B45,1711.682914863046,2025-07-14 00:58:26.180916,0
A83,B62,1386.25562421007,2026-02-27 00:58:26.180916,0
A86,B60,4612.330688370877,2026-02-23 00:58:26.180916,0
A49,B22,1271.6241824636863,2026-01-30 00:58:26.180916,0
A68,B37,8620.330043200662,2025-12-30 00:58:26.180916,1
A41,B99,7532.8179216791805,2026-03-29 00:58:26.180916,1
A90,B45,8879.106141053404,2026-05-21 00:58:26.180916,1
A54,B78,9658.704271508872,2026-01-20 00:58:26.180916,1
A53,B74,4138.8062383433235,2025-06-13 00:58:26.180916,0
A20,B17,4473.32960624747,2025-12-16 00:58:26.180916,0
A39,B66,1232.50935839429,2025-10-12 00:58:26.180916,0
A49,B14,5280.6133911969455,2025-07-30 00:58:26.180916,1
A24,B52,5783.068376142448,2025-07-19 00:58:26.180916,1
A97,B92,6616.077065364549,2025-11-06 00:58:26.180916,1
A69,B14,9763.731032852907,2025-10-06 00:58:26.180916,1
A61,B42,3225.894517367432,2026-02-02 00:58:26.180916,0
A31,B72,7311.337160112232,2026-01-24 00:58:26.180916,1
A29,B84,2266.0468787482055,2026-04-01 00:58:26.180916,0
A39,B10,2645.4822154667804,2026-04-11 00:58:26.180916,0
A91,B39,2969.379541253298,2025-10-25 00:58:26.180916,0
A19,B69,837.1147976559904,2025-05-23 00:58:26.180916,0
A60,B60,5589.567193218063,2025-10-07 00:58:26.180916,1
A8,B52,8729.994597221455,2025-10-08 00:58:26.180916,1
A72,B76,6598.212969562942,2026-03-07 00:58:26.180916,1
A53,B53,7355.3301055735055,2025-11-07 00:58:26.180916,1
A54,B31,2066.8534315578713,2025-07-12 00:58:26.180916,0
A72,B80,789.3871199391224,2025-11-09 00:58:26.180916,0
A68,B32,9717.934437402422,2026-05-11 00:58:26.180916,1
A18,B71,612.0666153924903,2025-08-18 00:58:26.180916,0
A50,B21,141.14978714499276,2026-01-03 00:58:26.180916,0
A32,B62,2169.1933262856473,2026-02-06 00:58:26.180916,0
A33,B50,8186.929327746865,2025-06-12 00:58:26.180916,1
A27,B9,1887.295124319041,2025-09-13 00:58:26.180916,0
A43,B44,1054.3018323264782,2025-10-11 00:58:26.180916,0
A83,B27,2094.52796542506,2025-08-27 00:58:26.180916,0
A11,B89,5909.325765135953,2025-11-28 00:58:26.180916,1
A58,B76,5281.169934378071,2025-12-09 00:58:26.180916,1
A48,B56,8586.003754067842,2026-05-12 00:58:26.180916,1
A12,B56,7607.274704161061,2025-09-09 00:58:26.180916,1
A69,B73,3125.136042818713,2025-09-05 00:58:26.180916,0
A93,B44,4545.679434138093,2025-07-11 00:58:26.180916,0
A25,B70,1548.449262228546,2025-11-05 00:58:26.180916,0
A7,B89,5050.068978857607,2025-10-08 00:58:26.180916,1
A35,B31,9142.111393953148,2025-07-16 00:58:26.180916,1
A49,B23,2195.66046012793,2026-02-06 00:58:26.180916,0
A87,B85,3642.801394402248,2025-11-13 00:58:26.180916,0
A78,B86,9750.89618667807,2026-03-10 00:58:26.180916,1
A78,B10,8679.909282465098,2025-05-27 00:58:26.180916,1
A6,B95,5139.505785243042,2026-04-13 00:58:26.180916,1
A10,B92,7802.41038455104,2025-07-19 00:58:26.180916,1
A25,B74,1887.6551917620502,2025-05-30 00:58:26.180916,0
A98,B63,2785.605960165775,2025-06-07 00:58:26.180916,0
A76,B15,1650.3212866619024,2025-11-10 00:58:26.180916,0
A93,B76,3078.396330516271,2026-02-25 00:58:26.180916,0
A86,B77,8699.61548698433,2025-10-28 00:58:26.180916,1
A72,B60,6487.345795479587,2026-02-05 00:58:26.180916,1
A28,B42,1481.4244430879623,2026-01-31 00:58:26.180916,0
A62,B72,8763.200399806068,2025-12-13 00:58:26.180916,1
A27,B13,7452.809672213269,2025-11-23 00:58:26.180916,1
A43,B57,2413.2189897873504,2025-10-27 00:58:26.180916,0
A39,B23,8942.039562716034,2026-01-02 00:58:26.180916,1
A2,B40,1878.427362776541,2026-01-15 00:58:26.180916,0
A28,B52,295.57663371892056,2025-12-25 00:58:26.180916,0
A25,B9,6622.236184057185,2026-01-24 00:58:26.180916,1
A95,B77,4531.882751331095,2025-11-09 00:58:26.180916,0
A16,B14,2663.131466001858,2025-07-19 00:58:26.180916,0
A96,B88,9270.007919203785,2025-09-24 00:58:26.180916,1
A97,B77,849.8269939476553,2026-05-10 00:58:26.180916,0
A62,B99,4320.42163080379,2025-06-05 00:58:26.180916,0
A32,B49,1514.6942618884943,2025-08-07 00:58:26.180916,0
A90,B42,5026.882015572307,2026-01-18 00:58:26.180916,1
A78,B64,5084.18897371037,2025-06-26 00:58:26.180916,1
A91,B83,541.0391500517171,2025-05-30 00:58:26.180916,0
A27,B85,2733.16277857206,2026-04-19 00:58:26.180916,0
A51,B8,987.1488495979647,2025-10-03 00:58:26.180916,0
A31,B12,6489.731265093386,2025-05-22 00:58:26.180916,1
A71,B28,7322.696079544122,2026-05-11 00:58:26.180916,1
A42,B18,4231.657838131316,2025-11-04 00:58:26.180916,0
A100,B75,2947.1188868776094,2025-08-03 00:58:26.180916,0
A37,B97,4032.8941110870583,2025-11-27 00:58:26.180916,0
A49,B82,5944.551160532964,2025-11-19 00:58:26.180916,1
A60,B1,5300.331907409481,2025-11-08 00:58:26.180916,1
A69,B97,4941.226109720754,2026-05-12 00:58:26.180916,0
A84,B19,4341.3177640792255,2025-09-13 00:58:26.180916,0
A46,B85,6814.7936433420755,2025-10-11 00:58:26.180916,1
A40,B20,6466.9851242523855,2025-10-06 00:58:26.180916,1
A34,B58,9590.127455739059,2025-10-17 00:58:26.180916,1
A47,B69,2203.601848041468,2026-04-07 00:58:26.180916,0
A66,B38,540.8463323238041,2025-10-11 00:58:26.180916,0
A64,B50,366.5226956200051,2026-01-12 00:58:26.180916,0
A60,B79,2669.1206639653715,2025-11-25 00:58:26.180916,0
A13,B74,667.8153852820087,2026-01-25 00:58:26.180916,0
A93,B58,1019.309589205981,2026-01-05 00:58:26.180916,0
A61,B26,2272.3855071304497,2025-11-16 00:58:26.180916,0
A98,B27,6206.005201400277,2026-01-09 00:58:26.180916,1
A41,B88,7161.074947800847,2025-09-19 00:58:26.180916,1
A27,B41,3925.1618167379893,2026-03-03 00:58:26.180916,0
A48,B39,1022.0296769342121,2026-02-25 00:58:26.180916,0
A41,B73,7341.904483008726,2026-01-30 00:58:26.180916,1
A53,B87,8796.48143157304,2025-07-27 00:58:26.180916,1
A6,B39,2689.986828168964,2025-06-26 00:58:26.180916,0
A73,B56,2064.996703778064,2025-08-31 00:58:26.180916,0
A29,B92,7859.419237924509,2025-07-20 00:58:26.180916,1
A95,B45,3482.8548012869287,2025-08-24 00:58:26.180916,0
A19,B12,2887.0455718150356,2026-02-11 00:58:26.180916,0
A3,B75,5967.170833549696,2026-05-04 00:58:26.180916,1
A34,B2,7341.483885057551,2025-11-08 00:58:26.180916,1
A71,B79,951.4832414607507,2025-11-17 00:58:26.180916,0
A75,B66,5037.369123538931,2026-04-28 00:58:26.180916,1
A75,B52,7007.707558087723,2026-01-25 00:58:26.180916,1
A93,B17,4772.815707873676,2026-04-06 00:58:26.180916,0
A54,B38,3060.188640781594,2025-05-25 00:58:26.180916,0
A38,B8,9067.610988635419,2026-03-02 00:58:26.180916,1
A20,B48,2393.808657904143,2026-04-05 00:58:26.180916,0
A26,B71,3157.973865103799,2025-07-11 00:58:26.180916,0
A43,B7,703.8517930715387,2025-05-31 00:58:26.180916,0
A30,B1,1881.5706758814415,2025-08-12 00:58:26.180916,0
A49,B91,8999.693526384317,2026-04-27 00:58:26.180916,1
A73,B72,1426.9182159960849,2026-01-14 00:58:26.180916,0
A32,B46,137.22093063334705,2026-04-12 00:58:26.180916,0
A64,B15,4751.2609012048415,2025-08-27 00:58:26.180916,0
A71,B37,3347.200956926198,2026-01-12 00:58:26.180916,0
A84,B4,1783.375370159483,2025-10-03 00:58:26.180916,0
A88,B31,2645.683560697456,2026-03-07 00:58:26.180916,0
A44,B56,779.0009089972364,2025-12-23 00:58:26.180916,0
A33,B90,6795.2373931184775,2026-03-11 00:58:26.180916,1
A98,B76,8532.365782612871,2025-10-11 00:58:26.180916,1
A63,B51,5944.1115005159,2025-12-31 00:58:26.180916,1
A93,B81,9695.71989330324,2026-02-16 00:58:26.180916,1
A83,B41,5835.756992698123,2026-01-25 00:58:26.180916,1
A95,B92,4888.190336476662,2025-10-25 00:58:26.180916,0
A63,B49,2482.629188380813,2025-12-14 00:58:26.180916,0
A59,B52,1102.766113961587,2026-02-26 00:58:26.180916,0
A22,B49,8191.0751237998475,2025-08-29 00:58:26.180916,1
A94,B56,5676.994633403882,2026-04-18 00:58:26.180916,1
A46,B70,9904.22688591241,2026-01-24 00:58:26.180916,1
A22,B28,8355.236721415771,2026-04-05 00:58:26.180916,1
A18,B85,5257.439151007185,2025-07-09 00:58:26.180916,1
A93,B23,1681.3743279306202,2026-04-26 00:58:26.180916,0
A70,B61,1474.3637644858127,2025-08-02 00:58:26.180916,0
A63,B18,948.1618872204767,2025-06-21 00:58:26.180916,0
A24,B25,3052.9766907609046,2026-02-21 00:58:26.180916,0
A70,B72,7364.502756993596,2025-12-26 00:58:26.180916,1
A83,B50,4531.637361658452,2025-08-15 00:58:26.180916,0
A8,B47,7350.801890971531,2025-09-24 00:58:26.180916,1
A68,B54,9898.033253116113,2025-10-18 00:58:26.180916,1
A5,B20,2580.8217277187937,2026-02-26 00:58:26.180916,0
A10,B37,4870.068203976996,2026-01-22 00:58:26.180916,0
A86,B86,3649.250425420106,2026-05-14 00:58:26.180916,0
A7,B17,145.47492727054106,2026-02-11 00:58:26.180916,0
A98,B18,3532.73751719541,2025-07-18 00:58:26.180916,0
A1,B2,7104.469938755417,2025-05-23 00:58:26.180916,1
A53,B10,8914.810438850016,2026-04-13 00:58:26.180916,1
A18,B83,7747.517692467055,2026-04-18 00:58:26.180916,1
A81,B3,8570.992043931976,2026-04-01 00:58:26.180916,1
A30,B19,9022.646605212496,2026-01-05 00:58:26.180916,1
A9,B93,5961.477970173246,2026-02-20 00:58:26.180916,1
A91,B63,1136.4830630769954,2025-08-22 00:58:26.180916,0
A20,B85,6860.983733519136,2026-03-20 00:58:26.180916,1
A2,B56,7284.873271894493,2025-09-28 00:58:26.180916,1
A28,B18,217.0655062610263,2025-08-12 00:58:26.180916,0
A65,B11,9786.588001616941,2025-11-15 00:58:26.180916,1
A59,B18,8564.092586564671,2026-02-20 00:58:26.180916,1
A48,B83,6597.075461826695,2026-03-05 00:58:26.180916,1
A8,B54,1424.9149269489349,2025-08-22 00:58:26.180916,0
A80,B59,4983.34399222387,2026-02-16 00:58:26.180916,0
A82,B90,2451.2343715136208,2026-01-17 00:58:26.180916,0
A86,B78,7412.7141698532005,2026-05-18 00:58:26.180916,1
A79,B55,9733.172976023689,2025-12-07 00:58:26.180916,1
A62,B80,3600.605086095721,2026-02-24 00:58:26.180916,0
A85,B24,7446.207539899998,2026-01-03 00:58:26.180916,1
A63,B59,1946.4827031438501,2025-09-02 00:58:26.180916,0
A3,B66,9548.595926567947,2026-05-12 00:58:26.180916,1
A1,B55,6390.950191231348,2025-09-08 00:58:26.180916,1
A69,B71,9654.876074615862,2025-09-06 00:58:26.180916,1
A71,B58,8772.668918614449,2026-04-23 00:58:26.180916,1
A53,B50,6791.227241931221,2025-11-02 00:58:26.180916,1
A2,B46,8993.221610000584,2026-03-14 00:58:26.180916,1
A3,B29,4498.200774516487,2026-02-26 00:58:26.180916,0
A68,B24,9583.478192479666,2026-04-28 00:58:26.180916,1
A93,B55,5273.799721805549,2025-09-24 00:58:26.180916,1
A36,B78,2660.4402380002293,2026-03-04 00:58:26.180916,0
A69,B1,6793.872962332979,2026-03-16 00:58:26.180916,1
A37,B74,8881.06907910589,2026-01-19 00:58:26.180916,1
A3,B64,3916.3519937961314,2025-07-15 00:58:26.180916,0
A65,B94,4178.769914978833,2025-11-15 00:58:26.180916,0
A90,B31,9939.497645048117,2025-08-02 00:58:26.180916,1
A87,B92,3100.139740733958,2025-12-31 00:58:26.180916,0
A56,B65,420.5887736333394,2025-09-28 00:58:26.180916,0
A23,B35,5205.576552311614,2026-01-17 00:58:26.180916,1
A14,B53,3439.3116866303526,2025-10-02 00:58:26.180916,0
A13,B70,6127.550623255841,2026-02-22 00:58:26.180916,1
A68,B74,4340.261635000822,2025-05-24 00:58:26.180916,0
A20,B47,4555.726462162715,2026-03-27 00:58:26.180916,0
A31,B5,9681.848825494426,2025-05-22 00:58:26.180916,1
A25,B5,7925.481716666432,2026-01-15 00:58:26.180916,1
A80,B73,2891.2012502610964,2026-03-01 00:58:26.180916,0
A68,B62,9695.00420170475,2025-06-29 00:58:26.180916,1
A33,B91,4994.280919753447,2025-07-16 00:58:26.180916,0
A46,B48,6858.411732240316,2026-05-01 00:58:26.180916,1
A35,B15,4668.511549922983,2026-04-18 00:58:26.180916,0
A51,B75,1510.775240038557,2025-11-10 00:58:26.180916,0
A11,B62,9667.047975174486,2026-03-14 00:58:26.180916,1
A48,B89,6241.713383837246,2026-05-22 00:58:26.180916,1
A52,B11,6646.560007813887,2025-12-26 00:58:26.180916,1
A59,B19,3043.4195393575706,2025-09-29 00:58:26.180916,0
A73,B94,2889.7169378811022,2025-08-25 00:58:26.180916,0
A32,B94,7999.852798017264,2025-09-14 00:58:26.180916,1
A90,B68,165.7680724117401,2025-06-10 00:58:26.180916,0
A29,B97,419.12140802353434,2025-11-01 00:58:26.180916,0
A39,B100,2837.3428147021773,2025-08-14 00:58:26.180916,0
A88,B36,5934.785464876319,2025-08-18 00:58:26.180916,1
A11,B60,541.4008896707053,2025-10-28 00:58:26.180916,0
A84,B67,3065.156792557623,2025-08-27 00:58:26.180916,0
A84,B11,4308.925057046357,2025-09-26 00:58:26.180916,0
A98,B67,6605.930616131122,2025-06-25 00:58:26.180916,1
A5,B79,16.41069716603568,2025-08-29 00:58:26.180916,0
A12,B12,2521.8202946768,2025-11-22 00:58:26.180916,0
A52,B32,3508.6801730724696,2025-07-16 00:58:26.180916,0
A49,B61,2839.822713768335,2025-07-31 00:58:26.180916,0
A49,B81,8591.515331453922,2025-10-27 00:58:26.180916,1
A71,B95,6656.606729519796,2026-01-14 00:58:26.180916,1
A61,B85,7691.164928688732,2025-08-27 00:58:26.180916,1
A8,B86,1558.8197831609523,2025-10-26 00:58:26.180916,0
A82,B10,869.1746183845327,2026-02-26 00:58:26.180916,0
A2,B88,2713.9822622017264,2025-09-07 00:58:26.180916,0
A90,B82,9959.183418178563,2025-09-09 00:58:26.180916,1
A22,B70,1975.306857646907,2026-03-19 00:58:26.180916,0
A11,B75,5856.3961161927555,2026-05-04 00:58:26.180916,1
A64,B40,816.3722038649928,2026-02-06 00:58:26.180916,0
A56,B79,2196.389076717536,2026-04-15 00:58:26.180916,0
A83,B7,4737.045900225776,2025-07-19 00:58:26.180916,0
A43,B44,3552.7760567873547,2025-11-15 00:58:26.180916,0
A73,B69,8118.973795832825,2025-12-21 00:58:26.180916,1
A13,B100,6374.076040748849,2026-03-24 00:58:26.180916,1
A68,B2,4231.407243215626,2025-07-17 00:58:26.180916,0
A6,B61,9669.399082381924,2025-10-23 00:58:26.180916,1
A30,B59,990.4055795178268,2025-11-08 00:58:26.180916,0
A28,B66,2619.9965031649117,2025-11-11 00:58:26.180916,0
A89,B61,3027.206326308977,2025-12-20 00:58:26.180916,0
A73,B74,3114.2506486273305,2025-11-12 00:58:26.180916,0
A61,B94,5643.437040253017,2026-05-10 00:58:26.180916,1
A35,B43,6792.442878563438,2025-12-12 00:58:26.180916,1
A6,B54,3231.5742233824626,2025-09-15 00:58:26.180916,0
A10,B46,5785.892497750907,2026-02-10 00:58:26.180916,1
A88,B38,6836.378624952785,2026-05-14 00:58:26.180916,1
A36,B38,2003.071579841556,2026-02-01 00:58:26.180916,0
A70,B22,1365.550610415338,2025-10-12 00:58:26.180916,0
A73,B5,5547.294856557522,2025-06-30 00:58:26.180916,1
A85,B89,3017.6120355495136,2026-03-08 00:58:26.180916,0
A5,B77,865.123291763425,2025-10-04 00:58:26.180916,0
A23,B96,5670.984249874318,2025-07-24 00:58:26.180916,1
A41,B39,6286.9050848255465,2026-03-12 00:58:26.180916,1
A3,B94,5462.848451598644,2025-06-24 00:58:26.180916,1
A27,B73,3765.8997785764423,2025-12-19 00:58:26.180916,0
A76,B34,8760.455576406306,2025-11-01 00:58:26.180916,1
A19,B8,4374.559228341747,2026-01-17 00:58:26.180916,0
A97,B81,1394.7126531634347,2026-03-11 00:58:26.180916,0
A92,B61,4424.5943001985,2026-05-14 00:58:26.180916,0
A51,B75,3139.472017013382,2026-01-26 00:58:26.180916,0
A10,B22,9349.449349081375,2025-10-10 00:58:26.180916,1
A39,B74,7128.859067946778,2026-01-13 00:58:26.180916,1
A21,B7,4689.104954439375,2025-09-15 00:58:26.180916,0
A73,B85,4282.415018237084,2025-10-30 00:58:26.180916,0
A31,B38,4210.851592904736,2025-09-26 00:58:26.180916,0
A73,B95,4108.4836578982095,2025-05-23 00:58:26.180916,0
A50,B80,286.45265412671336,2025-09-26 00:58:26.180916,0
A87,B4,5593.501943677343,2025-11-13 00:58:26.180916,1
A70,B37,9575.342619940857,2026-02-07 00:58:26.180916,1
A43,B63,4214.977031599025,2025-09-27 00:58:26.180916,0
A50,B11,7561.005989644304,2026-03-17 00:58:26.180916,1
A97,B17,6155.933420430267,2025-10-22 00:58:26.180916,1
A95,B65,3030.8759523813014,2026-04-26 00:58:26.180916,0
A18,B10,2434.0300977037914,2026-01-17 00:58:26.180916,0
A89,B36,5126.945888157043,2026-03-09 00:58:26.180916,1
A93,B33,1281.4758573672807,2025-06-29 00:58:26.180916,0
A11,B17,5437.2628199318415,2026-04-01 00:58:26.180916,1
A65,B79,5660.09025781806,2025-12-22 00:58:26.180916,1
A96,B36,2940.4984359057603,2025-11-12 00:58:26.180916,0
A45,B36,7555.79838173555,2026-04-25 00:58:26.180916,1
A7,B33,3932.6666304327473,2025-11-24 00:58:26.180916,0
A13,B2,4035.3918389535806,2025-09-26 00:58:26.180916,0
A56,B95,69.46893135793482,2025-11-06 00:58:26.180916,0
A30,B15,8076.735453473964,2025-06-22 00:58:26.180916,1
A10,B78,8750.359616912176,2025-10-13 00:58:26.180916,1
A44,B23,4607.605321955594,2026-04-13 00:58:26.180916,0
A78,B76,552.9188800286074,2025-07-20 00:58:26.180916,0
A99,B95,556.3806191760791,2025-12-23 00:58:26.180916,0
A79,B20,8300.643949820647,2025-11-22 00:58:26.180916,1
A77,B85,6502.300607110699,2025-09-02 00:58:26.180916,1
A51,B58,3341.4997108835983,2025-08-13 00:58:26.180916,0
A100,B48,983.016630196436,2025-09-20 00:58:26.180916,0
A42,B23,2912.8634720204736,2026-05-02 00:58:26.180916,0
A4,B34,4819.864324547522,2025-09-19 00:58:26.180916,0
A82,B90,3319.762888509766,2026-04-18 00:58:26.180916,0
A35,B31,618.0390505732024,2025-11-23 00:58:26.180916,0
A58,B63,7407.324665563767,2025-12-04 00:58:26.180916,1
A63,B24,6747.385863833878,2026-02-12 00:58:26.180916,1
A30,B68,7396.240589487137,2025-12-15 00:58:26.180916,1
A46,B5,539.6724618875298,2025-09-05 00:58:26.180916,0
A71,B44,2058.593851309103,2026-02-27 00:58:26.180916,0
A49,B11,1450.0774852549428,2026-05-17 00:58:26.180916,0
A56,B19,7406.83694573575,2026-04-01 00:58:26.180916,1
A24,B77,4958.093479221041,2026-03-09 00:58:26.180916,0
A88,B20,2243.200399812853,2025-05-23 00:58:26.180916,0
A75,B64,6760.050805734728,2025-08-08 00:58:26.180916,1
A85,B97,8524.03440025603,2026-01-04 00:58:26.180916,1
A49,B53,3015.9131651827106,2026-04-22 00:58:26.180916,0
A11,B99,3115.799381317414,2026-05-10 00:58:26.180916,0
A99,B50,9891.694712683162,2025-09-04 00:58:26.180916,1
A80,B31,74.44349838876902,2026-01-31 00:58:26.180916,0
A38,B85,4854.70188960733,2025-07-04 00:58:26.180916,0
A32,B57,6880.869222544072,2025-08-29 00:58:26.180916,1
A92,B93,1155.9415483530545,2025-11-13 00:58:26.180916,0
A10,B82,10.356760611314966,2026-05-10 00:58:26.180916,0
A11,B22,6041.868716256257,2025-10-05 00:58:26.180916,1
A35,B27,1219.1338303165683,2025-10-28 00:58:26.180916,0
A20,B74,977.6677308946007,2025-12-02 00:58:26.180916,0
A49,B94,2050.893604867414,2025-07-13 00:58:26.180916,0
A92,B45,4742.686608704307,2025-09-29 00:58:26.180916,0
A82,B7,8328.93726090332,2025-11-26 00:58:26.180916,1
A20,B83,4443.720591092346,2025-07-08 00:58:26.180916,0
A95,B34,565.9750858782522,2025-12-06 00:58:26.180916,0
A50,B97,1226.8960309493411,2025-12-28 00:58:26.180916,0
A41,B15,4051.5277866449796,2025-11-15 00:58:26.180916,0
A47,B7,9827.135700871042,2026-04-26 00:58:26.180916,1
A14,B22,8204.506863556275,2025-08-31 00:58:26.180916,1
A12,B60,8418.79082634155,2025-07-27 00:58:26.180916,1
A1,B52,5471.725283042434,2026-03-20 00:58:26.180916,1
A40,B61,8218.647722240335,2025-10-10 00:58:26.180916,1
A57,B39,6816.391265741789,2025-09-15 00:58:26.180916,1
A47,B61,8594.545739032414,2025-10-13 00:58:26.180916,1
A98,B96,6175.413596412042,2025-09-01 00:58:26.180916,1
A35,B97,4329.213451080032,2026-05-04 00:58:26.180916,0
A14,B69,6365.609676512793,2025-06-15 00:58:26.180916,1
A17,B30,1856.2304511326913,2025-08-15 00:58:26.180916,0
A12,B49,8187.315504093012,2025-08-06 00:58:26.180916,1
A24,B88,6578.078974890798,2025-09-05 00:58:26.180916,1
A56,B91,1716.0471633824316,2026-04-18 00:58:26.180916,0
A58,B50,7419.2305560357145,2026-03-05 00:58:26.180916,1
A72,B61,5471.343446012637,2025-11-10 00:58:26.180916,1
A72,B34,4766.822405903487,2025-12-04 00:58:26.180916,0
A66,B19,2907.461525437204,2025-06-18 00:58:26.180916,0
A53,B68,6678.679937565301,2025-05-22 00:58:26.180916,1
A14,B56,9591.3232301306,2025-10-09 00:58:26.180916,1
A4,B2,4934.711722207968,2025-07-01 00:58:26.180916,0
A12,B37,6680.319597714108,2026-01-06 00:58:26.180916,1
A46,B58,3917.980312215906,2026-03-10 00:58:26.180916,0
A71,B49,6979.550508190344,2026-03-11 00:58:26.180916,1
A12,B87,1082.285033129135,2026-02-11 00:58:26.180916,0
A77,B41,4174.795720329888,2026-04-05 00:58:26.180916,0
A77,B68,4254.081231506047,2025-07-11 00:58:26.180916,0
A42,B88,289.4268820538219,2025-11-07 00:58:26.180916,0
A50,B6,4576.251976415989,2026-01-01 00:58:26.180916,0
A2,B13,5646.448750498888,2025-11-02 00:58:26.180916,1
A38,B69,120.0862435219829,2026-01-30 00:58:26.180916,0
A53,B82,3034.5880830324772,2026-05-01 00:58:26.180916,0
A50,B46,6454.638787789039,2026-04-30 00:58:26.180916,1
A100,B56,8933.277524675,2025-12-18 00:58:26.180916,1
A11,B79,6202.565860899903,2026-05-16 00:58:26.180916,1
A93,B84,435.8916501104992,2026-03-15 00:58:26.180916,0
A72,B35,9071.513769058298,2026-02-12 00:58:26.180916,1
A32,B43,9628.33728679748,2025-10-20 00:58:26.180916,1
A74,B35,4684.3920038299075,2025-08-04 00:58:26.180916,0
A67,B35,7233.422026700662,2026-02-12 00:58:26.180916,1
A22,B13,2776.271351137081,2025-10-21 00:58:26.180916,0
A88,B33,9817.719320741013,2026-03-06 00:58:26.180916,1
A49,B84,3583.8991515441035,2025-10-16 00:58:26.180916,0
A22,B75,8559.837322396124,2025-08-15 00:58:26.180916,1
A18,B51,5037.024157015186,2025-08-05 00:58:26.180916,1
A35,B60,3494.852476764319,2026-01-12 00:58:26.180916,0
A39,B99,7065.183921868398,2026-02-04 00:58:26.180916,1
A35,B87,3912.3370149383027,2026-05-22 00:58:26.180916,0
A64,B96,637.0300518961532,2026-04-19 00:58:26.180916,0
A19,B31,6562.6332825609525,2026-02-28 00:58:26.180916,1
A9,B94,3525.151356628347,2026-05-03 00:58:26.180916,0
A22,B87,7194.89899863188,2026-01-07 00:58:26.180916,1
A56,B76,3399.5178572850114,2025-09-17 00:58:26.180916,0
A36,B99,7154.671507984789,2026-04-19 00:58:26.180916,1
A54,B25,7869.101703308467,2026-01-30 00:58:26.180916,1
A39,B67,2790.6180419903967,2025-09-25 00:58:26.180916,0
A62,B44,7628.449792324416,2026-02-27 00:58:26.180916,1
A10,B87,3036.269552301873,2025-06-12 00:58:26.180916,0
A47,B89,3945.3480077640625,2025-09-12 00:58:26.180916,0
A33,B24,9162.438634819251,2026-03-25 00:58:26.180916,1
A32,B41,6454.888715688951,2026-04-12 00:58:26.180916,1
A93,B71,3771.462117477689,2025-06-14 00:58:26.180916,0
A81,B2,4722.805605101284,2025-09-29 00:58:26.180916,0
A64,B87,6593.128383844655,2025-11-28 00:58:26.180916,1
A77,B2,5764.629155158376,2025-07-11 00:58:26.180916,1
A79,B9,9274.848332291338,2025-11-13 00:58:26.180916,1
A26,B2,7756.226005349024,2025-09-24 00:58:26.180916,1
A59,B53,5259.084734467177,2026-01-10 00:58:26.180916,1
A14,B13,1302.925475170533,2025-07-31 00:58:26.180916,0
A18,B68,3247.525355984512,2025-08-10 00:58:26.180916,0
A39,B14,9552.394022058248,2025-08-15 00:58:26.180916,1
A1,B88,3487.4712499163097,2025-12-04 00:58:26.180916,0
A51,B58,6178.575490642814,2025-07-03 00:58:26.180916,1
A43,B45,4043.7007834391593,2025-06-16 00:58:26.180916,0
A80,B29,458.8420295337078,2025-12-06 00:58:26.180916,0
A49,B93,8521.791530485794,2025-08-26 00:58:26.180916,1
A43,B37,1600.2049465084526,2026-03-04 00:58:26.180916,0
A57,B33,974.4390066411875,2025-06-15 00:58:26.180916,0
A43,B25,1071.142149115686,2025-06-07 00:58:26.180916,0
A56,B5,9342.996750372868,2025-07-25 00:58:26.180916,1
A84,B4,4769.365935052612,2025-08-29 00:58:26.180916,0
A77,B80,7601.493720881866,2025-06-07 00:58:26.180916,1
A18,B12,9813.470678923395,2025-12-31 00:58:26.180916,1
A39,B8,8087.46927718453,2025-07-22 00:58:26.180916,1
A42,B77,7329.144053221444,2026-01-17 00:58:26.180916,1
A78,B85,2373.8056877498598,2026-01-27 00:58:26.180916,0
A89,B28,8998.945151334603,2026-05-11 00:58:26.180916,1
A26,B77,1748.2396100040517,2025-10-12 00:58:26.180916,0
A62,B82,8925.803783066523,2025-09-17 00:58:26.180916,1
A41,B16,7560.580602314055,2026-01-03 00:58:26.180916,1
A23,B91,4206.361000795172,2025-12-05 00:58:26.180916,0
A51,B16,653.0553257364561,2025-09-04 00:58:26.180916,0
A41,B12,6122.9172098810495,2025-12-20 00:58:26.180916,1
A38,B78,1153.5930897579226,2025-09-09 00:58:26.180916,0
A95,B17,8469.55050954111,2025-10-27 00:58:26.180916,1
A89,B49,738.088127530136,2026-04-26 00:58:26.180916,0
A82,B85,7635.88597908227,2025-07-24 00:58:26.180916,1
A63,B98,6069.267678086664,2025-12-20 00:58:26.180916,1
A74,B83,8408.386758299916,2026-01-11 00:58:26.180916,1
A32,B73,9236.272946439174,2026-03-29 00:58:26.180916,1
A42,B24,3218.3805536891023,2026-03-08 00:58:26.180916,0
A49,B15,6990.270003531881,2025-08-11 00:58:26.180916,1
A36,B90,3782.513168609397,2026-01-28 00:58:26.180916,0
A51,B24,9888.819930311916,2026-01-30 00:58:26.180916,1
A47,B33,5742.058819674831,2026-01-15 00:58:26.180916,1
A15,B38,2005.3469406457416,2025-09-27 00:58:26.180916,0
A73,B60,2532.4244738826087,2026-03-05 00:58:26.180916,0
A26,B85,4380.77339210884,2026-04-02 00:58:26.180916,0
A76,B10,2868.032432591247,2025-05-30 00:58:26.180916,0
A70,B82,2019.9154941299366,2025-08-18 00:58:26.180916,0
A24,B59,1629.2749245933398,2025-09-06 00:58:26.180916,0
A88,B36,8140.2390304208475,2025-11-18 00:58:26.180916,1
A99,B99,8088.63545732306,2025-10-23 00:58:26.180916,1
A71,B55,1931.035168985447,2025-10-30 00:58:26.180916,0
A4,B89,5825.258385108322,2025-10-20 00:58:26.180916,1
A94,B86,6294.865475063957,2025-08-05 00:58:26.180916,1
A60,B99,6689.895915471756,2025-12-04 00:58:26.180916,1
A91,B99,2043.3607054655215,2025-12-20 00:58:26.180916,0
A27,B42,8101.988384233566,2026-04-11 00:58:26.180916,1
A57,B33,8933.977204801966,2026-01-18 00:58:26.180916,1
A38,B21,3602.0144106158073,2026-02-28 00:58:26.180916,0
A89,B100,4086.1934266780854,2025-07-07 00:58:26.180916,0
A9,B10,5470.342617752154,2025-09-18 00:58:26.180916,1
A53,B36,728.9315070488005,2025-06-17 00:58:26.180916,0
A87,B100,1861.1905187874167,2026-04-19 00:58:26.180916,0
A64,B8,7302.471385582227,2025-12-13 00:58:26.180916,1
A18,B49,9110.775116797926,2026-04-23 00:58:26.180916,1
A82,B50,6425.901449145849,2025-10-11 00:58:26.180916,1
A39,B43,4966.792939152327,2025-10-27 00:58:26.180916,0
A31,B8,8325.70505948866,2025-10-13 00:58:26.180916,1
A33,B34,5707.996992822599,2026-03-05 00:58:26.180916,1
A85,B34,4742.59137208383,2025-10-22 00:58:26.180916,0
A20,B23,3527.5394626057673,2025-09-22 00:58:26.180916,0
A92,B57,6188.6038482081885,2026-05-07 00:58:26.180916,1
A55,B9,5591.386146662248,2025-12-03 00:58:26.180916,1
A49,B63,1387.3566282387292,2025-11-14 00:58:26.180916,0
A10,B26,680.8752431302653,2026-03-23 00:58:26.180916,0
A58,B79,4280.842371124419,2025-12-16 00:58:26.180916,0
A77,B51,3767.4210867362413,2026-01-22 00:58:26.180916,0
A62,B23,717.9674958127188,2025-09-15 00:58:26.180916,0
A75,B83,790.6566240687062,2025-09-13 00:58:26.180916,0
A52,B63,7826.04969976318,2025-11-01 00:58:26.180916,1
A69,B14,2989.287561238713,2025-07-25 00:58:26.180916,0
A65,B19,1188.0956788520164,2026-02-02 00:58:26.180916,0
A89,B70,2313.4293204119444,2025-10-27 00:58:26.180916,0
A54,B99,6018.880956098249,2025-10-14 00:58:26.180916,1
A70,B56,3315.88875111341,2026-01-22 00:58:26.180916,0
A5,B28,2247.9720361163068,2025-12-27 00:58:26.180916,0
A47,B79,9406.769012779487,2026-01-18 00:58:26.180916,1
A90,B83,9223.510557809499,2025-07-14 00:58:26.180916,1
A69,B14,2521.3046534386253,2026-02-27 00:58:26.180916,0
A77,B57,7035.700406100399,2025-12-01 00:58:26.180916,1
A82,B92,688.8486539997225,2026-03-02 00:58:26.180916,0
A11,B34,8716.018625699367,2025-07-20 00:58:26.180916,1
A14,B14,9681.467029808531,2025-12-06 00:58:26.180916,1
A99,B5,757.023457205994,2025-07-23 00:58:26.180916,0
A32,B10,5757.805184361115,2025-11-11 00:58:26.180916,1
A85,B10,8533.42021422401,2026-04-10 00:58:26.180916,1
A86,B74,9318.772408786126,2026-04-01 00:58:26.180916,1
A46,B94,5005.469610313108,2026-04-10 00:58:26.180916,1
A22,B33,3998.2043945063847,2026-04-10 00:58:26.180916,0
A83,B100,575.9155065861095,2026-05-18 00:58:26.180916,0
A79,B58,6978.203903951985,2026-03-07 00:58:26.180916,1
A6,B3,1117.6359646908743,2025-08-19 00:58:26.180916,0
A73,B64,4715.077278985824,2025-10-15 00:58:26.180916,0
A83,B20,9174.73946004726,2025-09-12 00:58:26.180916,1
A87,B84,2637.900188235846,2026-04-05 00:58:26.180916,0
A83,B82,309.48051640707615,2025-05-30 00:58:26.180916,0
A52,B1,3387.0719734567615,2025-06-25 00:58:26.180916,0
A97,B5,2616.202239640857,2026-03-06 00:58:26.180916,0
A43,B86,3352.0670421525833,2026-04-26 00:58:26.180916,0
A56,B50,7649.711792940838,2026-05-21 00:58:26.180916,1
A14,B35,1401.4933950475656,2025-09-23 00:58:26.180916,0
A2,B20,5475.402602847338,2026-02-21 00:58:26.180916,1
A13,B90,7341.38796741363,2026-05-06 00:58:26.180916,1
A34,B43,9242.50088003184,2026-03-15 00:58:26.180916,1
A29,B51,6636.727912158311,2025-12-24 00:58:26.180916,1
A66,B74,8783.919093181652,2025-11-16 00:58:26.180916,1
A96,B1,2363.81584525567,2025-06-09 00:58:26.180916,0
A67,B66,738.3898991239372,2025-06-05 00:58:26.180916,0
A72,B91,9480.49598994049,2025-05-29 00:58:26.180916,1
A75,B99,9044.195416822411,2025-11-21 00:58:26.180916,1
A89,B63,7033.877395776543,2025-06-15 00:58:26.180916,1
A74,B62,7658.086486360431,2025-08-03 00:58:26.180916,1
A29,B56,363.2671279087454,2026-04-08 00:58:26.180916,0
A58,B52,9810.749865002357,2026-05-02 00:58:26.180916,1
A48,B94,9499.578750120396,2026-02-27 00:58:26.180916,1
A51,B100,5985.494811203338,2025-12-15 00:58:26.180916,1
A60,B9,6128.202180447744,2025-12-04 00:58:26.180916,1
A99,B70,815.1289478414589,2026-04-01 00:58:26.180916,0
A87,B29,5518.738266996496,2026-05-03 00:58:26.180916,1
A76,B1,9466.540758709245,2025-07-28 00:58:26.180916,1
A89,B50,2712.378980786088,2026-04-10 00:58:26.180916,0
A65,B89,426.99236072280667,2026-05-02 00:58:26.180916,0
A20,B100,365.64484701306463,2025-07-12 00:58:26.180916,0
A45,B62,5080.966611357017,2026-05-22 00:58:26.180916,1
A4,B16,6506.866315596359,2026-02-13 00:58:26.180916,1
A62,B73,4320.840475493296,2026-02-24 00:58:26.180916,0
A14,B69,3041.1493322074625,2025-11-03 00:58:26.180916,0
A38,B46,8499.836689425509,2025-09-13 00:58:26.180916,1
A54,B43,9714.94183268602,2026-03-28 00:58:26.180916,1
A11,B88,224.2181892182892,2026-01-06 00:58:26.180916,0
A15,B39,563.0119088536093,2025-07-23 00:58:26.180916,0
A94,B52,7738.39629426902,2025-12-24 00:58:26.180916,1
A19,B8,8115.518063528694,2025-07-11 00:58:26.180916,1
A45,B81,5346.516752506103,2025-08-26 00:58:26.180916,1
A40,B83,8604.341770560219,2026-04-16 00:58:26.180916,1
A44,B12,6822.592751004656,2025-07-13 00:58:26.180916,1
A59,B47,7381.856465419885,2025-12-28 00:58:26.180916,1
A27,B69,5529.434640533564,2026-03-13 00:58:26.180916,1
A67,B44,530.8827718151847,2026-04-19 00:58:26.180916,0
A62,B11,7659.158339489294,2025-09-28 00:58:26.180916,1
A45,B59,6957.450911783588,2025-07-16 00:58:26.180916,1
A61,B98,4302.889300036166,2026-01-09 00:58:26.180916,0
A13,B99,4274.067479669703,2026-03-03 00:58:26.180916,0
A57,B38,1386.3265968462536,2025-06-27 00:58:26.180916,0
A93,B83,4385.149017637563,2025-05-29 00:58:26.180916,0
A90,B26,8972.495820227081,2025-09-01 00:58:26.180916,1
A58,B23,9825.520223054866,2026-04-03 00:58:26.180916,1
A41,B71,3683.40962063054,2025-09-10 00:58:26.180916,0
A9,B6,1944.5198323415593,2025-07-16 00:58:26.180916,0
A39,B50,4370.883053179869,2026-01-28 00:58:26.180916,0
A6,B85,588.6458411017087,2025-06-04 00:58:26.180916,0
A91,B25,2328.0139134003825,2025-12-28 00:58:26.180916,0
A15,B39,5890.288564416735,2026-05-06 00:58:26.180916,1
A3,B90,2278.987602938146,2025-11-02 00:58:26.180916,0
A44,B50,7477.282136068976,2025-11-30 00:58:26.180916,1
A83,B14,8884.470029542394,2025-06-16 00:58:26.180916,1
A14,B81,7933.876613801818,2026-02-28 00:58:26.180916,1
A87,B89,5684.805630127633,2025-06-01 00:58:26.180916,1
A22,B46,9909.477977750103,2025-09-22 00:58:26.180916,1
A95,B63,158.83661436904583,2025-10-03 00:58:26.180916,0
A32,B11,7201.070223277246,2025-11-20 00:58:26.180916,1
A67,B81,8128.092700304595,2025-09-04 00:58:26.180916,1
A23,B57,775.3506406842122,2025-12-17 00:58:26.180916,0
A71,B95,1275.8917843637857,2025-12-23 00:58:26.180916,0
A21,B25,1814.1288432712392,2025-06-22 00:58:26.180916,0
A43,B18,446.7570870974477,2025-05-26 00:58:26.180916,0
A72,B5,3503.1779675046796,2025-10-29 00:58:26.180916,0
A55,B25,6555.537429566255,2025-10-20 00:58:26.180916,1
A60,B4,2450.00100173732,2026-01-22 00:58:26.180916,0
A30,B93,2931.2030886550633,2025-12-15 00:58:26.180916,0
A52,B76,6065.177214177014,2025-06-15 00:58:26.180916,1
A81,B31,4792.226640576514,2025-12-06 00:58:26.180916,0
A24,B63,1232.5398108313748,2026-02-04 00:58:26.180916,0
A24,B50,777.2702998147525,2026-01-19 00:58:26.180916,0
A82,B9,2509.486566814167,2025-09-28 00:58:26.180916,0
A85,B70,5441.025493789844,2026-03-07 00:58:26.180916,1
A56,B83,4954.343226071442,2025-05-27 00:58:26.180916,0
A51,B40,7354.834092230454,2026-03-04 00:58:26.180916,1
A4,B64,3576.0135569976665,2026-05-04 00:58:26.180916,0
A95,B69,9151.857631497189,2026-04-12 00:58:26.180916,1
A79,B58,2210.6700176073823,2026-04-22 00:58:26.180916,0
A26,B3,7134.207250506892,2025-07-26 00:58:26.180916,1
A58,B5,9414.855607119702,2026-03-23 00:58:26.180916,1
A76,B44,7804.281970847728,2026-03-08 00:58:26.180916,1
A55,B8,2933.9073072449833,2026-03-28 00:58:26.180916,0
A50,B44,6539.902268123745,2025-10-05 00:58:26.180916,1
A1,B93,5273.173435858302,2026-03-19 00:58:26.180916,1
A91,B6,2682.6771403506455,2026-03-07 00:58:26.180916,0
A28,B52,6980.739156818222,2026-04-15 00:58:26.180916,1
A27,B16,5039.419571628704,2025-12-29 00:58:26.180916,1
A36,B28,549.4353658176072,2025-12-03 00:58:26.180916,0
A97,B84,9005.24952191286,2025-06-04 00:58:26.180916,1
A91,B86,7057.961735622054,2025-12-10 00:58:26.180916,1
A9,B67,6222.49908720862,2025-07-30 00:58:26.180916,1
A74,B59,2805.0406168675145,2026-01-20 00:58:26.180916,0
A14,B87,2043.5138016296294,2025-09-18 00:58:26.180916,0
A69,B69,1379.943571432227,2025-10-12 00:58:26.180916,0
A24,B20,9759.624675920155,2025-10-25 00:58:26.180916,1
A47,B95,2313.053907799293,2026-03-21 00:58:26.180916,0
A42,B75,7421.667500318043,2025-06-27 00:58:26.180916,1
A26,B30,2115.588622512318,2025-06-14 00:58:26.180916,0
A59,B10,3730.1759507645547,2025-06-13 00:58:26.180916,0
A15,B5,8165.633297424921,2025-08-13 00:58:26.180916,1
A34,B95,1428.1927086287583,2025-07-26 00:58:26.180916,0
A86,B19,9779.31791133211,2025-12-19 00:58:26.180916,1
A63,B63,6986.435972142005,2025-05-24 00:58:26.180916,1
A68,B84,6502.581783043428,2026-02-04 00:58:26.180916,1
A82,B3,4543.092224306756,2025-09-22 00:58:26.180916,0
A41,B61,1151.2439622929958,2025-06-21 00:58:26.180916,0
A77,B80,4994.0858285493305,2026-05-05 00:58:26.180916,0
A50,B6,347.22427427979346,2025-11-17 00:58:26.180916,0
A79,B32,2786.8936339506436,2026-03-03 00:58:26.180916,0
A51,B90,3847.9248218322114,2025-11-03 00:58:26.180916,0
A76,B84,8273.516716594351,2026-02-13 00:58:26.180916,1
A15,B17,854.0880150839924,2025-11-27 00:58:26.180916,0
A45,B2,2798.133896568392,2026-04-19 00:58:26.180916,0
A46,B23,6101.379778798842,2026-04-27 00:58:26.180916,1
A59,B81,4958.621411683382,2026-05-06 00:58:26.182000,0
A80,B7,8629.100375190794,2026-01-13 00:58:26.182000,1
A23,B40,3852.7858663034226,2025-11-04 00:58:26.182000,0
A87,B13,453.71134565949393,2026-02-16 00:58:26.182000,0
A91,B59,2065.243905629787,2025-09-10 00:58:26.182000,0
A39,B79,1852.4237008590817,2025-09-27 00:58:26.182000,0
A79,B22,4316.538797017891,2025-06-19 00:58:26.182000,0
A76,B76,532.0739162521097,2025-10-31 00:58:26.182000,0
A11,B9,3058.4292470123455,2025-05-24 00:58:26.182000,0
A87,B14,5420.076175945498,2025-12-08 00:58:26.182000,1
A18,B15,3484.5673389946414,2025-10-04 00:58:26.182000,0
A41,B64,269.6611014860827,2026-03-15 00:58:26.182000,0
A16,B77,6091.305529901652,2025-12-06 00:58:26.182000,1
A31,B79,8932.76191516832,2025-05-25 00:58:26.182000,1
A40,B29,9227.759840736493,2025-10-18 00:58:26.182000,1
A15,B9,9075.421331023439,2025-06-19 00:58:26.182000,1
A24,B26,8104.334429991621,2025-12-12 00:58:26.182000,1
A48,B55,5913.676680648892,2025-08-05 00:58:26.182000,1
A89,B44,7574.949643263056,2025-05-29 00:58:26.182000,1
A19,B95,3416.034405906534,2026-02-17 00:58:26.182000,0
A66,B87,8294.102155708446,2026-05-19 00:58:26.182000,1
A50,B52,4346.419341703991,2026-02-27 00:58:26.182000,0
A54,B42,4281.21640010402,2026-01-14 00:58:26.182000,0
A77,B16,7294.969080510579,2025-10-22 00:58:26.182000,1
A18,B88,7356.790737707042,2026-04-05 00:58:26.182000,1
A74,B74,580.6147461823597,2025-09-15 00:58:26.182000,0
A50,B70,1101.0099452540917,2025-12-02 00:58:26.182000,0
A55,B18,3887.2245224208464,2026-03-08 00:58:26.182000,0
A24,B42,7215.757281522469,2026-05-01 00:58:26.182000,1
A63,B28,6782.915553907384,2026-03-12 00:58:26.182000,1
A82,B98,8586.55578701945,2026-01-20 00:58:26.182000,1
A69,B6,9380.380976589517,2025-09-02 00:58:26.182000,1
A89,B76,4640.3903435477,2025-07-17 00:58:26.182000,0
A83,B23,5730.2995051071775,2025-09-11 00:58:26.182000,1
A23,B43,5687.3475128593545,2025-12-31 00:58:26.182000,1
A72,B9,5193.939483377383,2026-02-08 00:58:26.182000,1
A22,B16,1633.8632068294808,2026-02-19 00:58:26.182000,0
A63,B36,3819.0974428404224,2025-10-21 00:58:26.182000,0
A37,B19,7458.882364378903,2026-05-03 00:58:26.182000,1
A18,B97,9247.364777996292,2026-05-18 00:58:26.182000,1
A24,B54,1327.4084016535342,2025-07-03 00:58:26.182000,0
A41,B22,161.6823021634979,2025-11-19 00:58:26.182000,0
A58,B90,7997.893348478982,2025-05-23 00:58:26.182000,1
A80,B48,9510.16264715183,2025-11-28 00:58:26.182000,1
A7,B71,864.5133050387564,2025-07-12 00:58:26.182000,0
A46,B22,2506.826826301802,2025-11-13 00:58:26.182000,0
A2,B57,5432.617517525635,2025-12-01 00:58:26.182000,1
A63,B32,3381.948208325471,2026-05-21 00:58:26.182000,0
A18,B75,3952.0660258507423,2026-03-30 00:58:26.182000,0
A25,B6,6159.31702025202,2025-09-17 00:58:26.182000,1
A50,B18,3623.3317206411507,2025-09-08 00:58:26.182000,0
A72,B13,6595.70713589063,2026-02-08 00:58:26.182000,1
A65,B81,7826.43861341313,2026-02-03 00:58:26.182000,1
A84,B79,8104.492374568608,2026-03-08 00:58:26.182000,1
A64,B49,6083.911767030267,2025-12-03 00:58:26.182000,1
A53,B100,1251.8210642478061,2025-06-08 00:58:26.182000,0
A88,B21,5688.7263446387415,2025-06-19 00:58:26.182000,1
A63,B3,3216.684020844384,2025-09-06 00:58:26.182000,0
A54,B63,2652.5302701998557,2026-01-02 00:58:26.182000,0
A91,B11,1796.0561168465663,2025-08-24 00:58:26.182000,0
A57,B1,4632.615442965136,2025-11-03 00:58:26.182000,0
A63,B1,4404.693701331453,2025-08-25 00:58:26.182000,0
A22,B23,4669.730612260606,2025-07-24 00:58:26.182000,0
A11,B12,9659.196073589095,2025-07-13 00:58:26.182000,1
A73,B91,4807.277020149331,2025-07-13 00:58:26.182000,0
A4,B84,8444.810051996395,2026-02-11 00:58:26.182000,1
A98,B76,2186.2465747596525,2025-10-12 00:58:26.182000,0
A29,B37,595.2625113718761,2026-05-02 00:58:26.182000,0
A38,B54,9388.954237585316,2025-10-02 00:58:26.182000,1
A5,B89,2771.6922547777913,2025-07-24 00:58:26.182000,0
A36,B99,6107.181934408577,2025-08-15 00:58:26.182000,1
A29,B61,3147.12507675141,2025-12-25 00:58:26.182000,0
A69,B89,649.7944442182085,2025-08-20 00:58:26.182000,0
A37,B17,1806.2410588375433,2025-10-01 00:58:26.182000,0
A22,B27,7662.108528982771,2026-04-30 00:58:26.182000,1
A100,B19,2768.6819822550756,2025-12-28 00:58:26.182000,0
A59,B82,8691.863163220436,2025-12-03 00:58:26.182000,1
A73,B35,1280.952576040588,2026-05-13 00:58:26.182000,0
A96,B67,6307.078402066291,2025-10-26 00:58:26.182000,1
A99,B58,1477.548835826511,2025-07-25 00:58:26.182000,0
A99,B53,6183.3135509731,2025-07-05 00:58:26.182000,1
A64,B31,505.3009457468823,2026-04-20 00:58:26.182000,0
A71,B23,1153.3211637248269,2025-09-22 00:58:26.182000,0
A66,B79,394.6327634953875,2025-10-21 00:58:26.182000,0
A15,B89,6847.569425941441,2025-09-27 00:58:26.182000,1
A74,B5,8607.097072964054,2025-07-15 00:58:26.182000,1
A15,B77,5803.108247445307,2025-08-03 00:58:26.182000,1
A35,B24,429.1363133381535,2026-01-24 00:58:26.182000,0
A100,B92,7176.403391042684,2025-12-12 00:58:26.182000,1
A70,B64,617.5205495023789,2025-07-24 00:58:26.182000,0
A47,B79,7148.350142015454,2026-01-28 00:58:26.182000,1
A70,B12,2597.9569526990535,2025-10-04 00:58:26.182000,0
A97,B81,2581.8762966321447,2026-01-07 00:58:26.182000,0
A6,B39,6787.094317457524,2025-12-20 00:58:26.182000,1
A98,B45,8576.32817153319,2025-06-23 00:58:26.182000,1
A93,B54,3539.817068122395,2026-05-03 00:58:26.182000,0
A57,B1,7186.009778729702,2026-01-25 00:58:26.182000,1
A70,B72,6009.7826000647365,2025-06-14 00:58:26.182000,1
A28,B31,3503.7992088537153,2025-07-30 00:58:26.182000,0
A55,B25,784.0166360460966,2026-01-12 00:58:26.182000,0
A14,B16,4443.688713838858,2025-11-01 00:58:26.182000,0
A95,B68,5115.244819177148,2026-01-07 00:58:26.182000,1
A84,B13,2377.4173250673616,2026-05-20 00:58:26.182000,0
A97,B80,3264.6325702067857,2025-08-24 00:58:26.182000,0
A32,B47,3719.8800256333284,2026-01-25 00:58:26.182000,0
A39,B98,8228.702502797189,2026-05-02 00:58:26.182000,1
A5,B70,4165.537006804479,2026-01-29 00:58:26.182000,0
A58,B65,6422.451401952568,2025-10-04 00:58:26.182000,1
A34,B29,8759.772851526835,2026-01-20 00:58:26.182000,1
A45,B60,1439.3640272073371,2025-10-31 00:58:26.182000,0
A12,B99,3272.1400115907018,2026-05-21 00:58:26.182000,0
A57,B81,7883.762973914046,2025-10-14 00:58:26.182000,1
A16,B85,3356.507992157617,2026-04-28 00:58:26.182000,0
A100,B27,4087.294141240032,2026-04-14 00:58:26.182000,0
A31,B36,6523.262341941959,2026-01-02 00:58:26.182000,1
A27,B7,4712.143495271881,2025-08-21 00:58:26.182000,0
A95,B25,9735.27698984511,2025-08-16 00:58:26.182000,1
A76,B15,6222.9445246701125,2025-10-21 00:58:26.182000,1
A89,B20,1611.5250642548212,2026-05-14 00:58:26.182000,0
A45,B88,455.6596643166055,2025-09-08 00:58:26.182000,0
A91,B61,9303.782059469311,2025-06-29 00:58:26.182000,1
A79,B64,9119.60786898704,2025-12-17 00:58:26.182000,1
A81,B23,265.09750978096275,2025-07-19 00:58:26.182000,0
A55,B21,6094.291077797722,2025-06-17 00:58:26.182000,1
A22,B86,8082.261795162607,2026-04-26 00:58:26.182000,1
A79,B6,5112.8534634450225,2025-09-10 00:58:26.182000,1
A18,B7,7810.928774573011,2025-07-29 00:58:26.182000,1
A27,B83,5086.740884310281,2026-02-02 00:58:26.182000,1
A27,B47,5819.050121614888,2025-08-22 00:58:26.182000,1
A8,B37,3447.0869369804773,2025-06-18 00:58:26.182000,0
A73,B27,2156.5385099843775,2025-08-13 00:58:26.182000,0
A45,B56,8308.96042668101,2025-12-26 00:58:26.182000,1
A69,B33,335.6692903043529,2026-03-24 00:58:26.182000,0
A36,B43,7265.335019150719,2026-01-22 00:58:26.182000,1
A77,B79,3817.0857356376355,2025-11-04 00:58:26.182000,0
A69,B98,9978.230307218646,2025-08-08 00:58:26.182000,1
A22,B59,793.6652732807524,2025-12-05 00:58:26.182000,0
A42,B6,782.3412955303883,2026-02-21 00:58:26.182000,0
A91,B14,9355.823519626789,2025-08-16 00:58:26.182000,1
A38,B95,2253.564263942612,2025-06-21 00:58:26.182000,0
A38,B7,5039.923910186823,2026-02-09 00:58:26.182000,1
A74,B69,5748.648079312894,2026-05-15 00:58:26.182000,1
A35,B23,5486.847972141004,2025-06-06 00:58:26.182000,1
A66,B21,4186.620377259583,2025-10-15 00:58:26.182000,0
A87,B4,7333.126152017796,2026-04-12 00:58:26.182000,1
A13,B63,8477.474847480738,2025-12-05 00:58:26.182000,1
A18,B66,5282.286425039719,2025-06-25 00:58:26.182000,1
A97,B15,523.800724409141,2026-01-17 00:58:26.182000,0
A53,B10,4728.568303625178,2025-09-19 00:58:26.182000,0
A8,B31,5249.236227558229,2026-05-12 00:58:26.182000,1
A36,B93,4415.763965965987,2026-04-02 00:58:26.182000,0
A84,B57,2699.135380225521,2026-03-17 00:58:26.182000,0
A17,B76,8361.729315122104,2026-01-10 00:58:26.182000,1
A90,B75,2937.722435530904,2026-02-25 00:58:26.182000,0
A17,B42,2447.849664044068,2025-06-20 00:58:26.182000,0
A32,B54,2438.302693903963,2025-12-24 00:58:26.182000,0
A19,B26,7678.757708556747,2025-06-13 00:58:26.182000,1
A92,B96,3626.0299268856497,2026-01-11 00:58:26.182000,0
A42,B87,4563.653525747474,2025-10-22 00:58:26.182000,0
A32,B42,7484.40091084126,2026-03-01 00:58:26.182000,1
A98,B30,1163.0150246903338,2025-10-16 00:58:26.182000,0
A87,B100,2418.0543022276806,2026-02-07 00:58:26.182000,0
A51,B15,7330.655318398098,2026-02-28 00:58:26.182000,1
A63,B42,8803.465522789647,2025-11-18 00:58:26.182000,1
A19,B30,3625.192786798654,2026-04-03 00:58:26.182000,0
A74,B13,3526.3262475950023,2025-12-26 00:58:26.182000,0
A81,B31,5061.377993998477,2025-12-15 00:58:26.182000,1
A35,B95,9147.208764399193,2025-08-18 00:58:26.182000,1
A81,B53,6536.76597428846,2025-06-02 00:58:26.182000,1
A54,B26,6056.1336498796545,2025-08-15 00:58:26.182000,1
A49,B49,4495.190534481244,2025-06-29 00:58:26.182000,0
A58,B29,4194.313796723897,2026-04-17 00:58:26.182000,0
A10,B10,5697.729120552039,2026-04-13 00:58:26.182000,1
A82,B61,8269.571338277923,2026-03-04 00:58:26.182000,1
A99,B75,1261.5597760521784,2026-03-21 00:58:26.182000,0
A12,B63,5380.782811991794,2026-05-21 00:58:26.182000,1
A52,B7,7766.718232211207,2026-01-20 00:58:26.182000,1
A66,B56,4082.098224418686,2026-04-19 00:58:26.182000,0
A96,B19,5851.705809029694,2026-01-04 00:58:26.182000,1
A36,B28,1390.0201377227984,2026-02-20 00:58:26.182000,0
A89,B79,2610.186746273941,2026-03-25 00:58:26.182000,0
A48,B59,2875.9830438517197,2025-10-03 00:58:26.182000,0
A59,B23,3145.3049459938743,2025-12-01 00:58:26.182000,0
A63,B50,824.2445135186824,2026-03-21 00:58:26.182000,0
A42,B48,4216.015676969357,2025-09-08 00:58:26.182000,0
A75,B18,9832.645028624696,2025-08-22 00:58:26.182000,1
A1,B59,5764.357390530857,2025-09-26 00:58:26.182000,1
A100,B93,6329.971364107712,2025-09-03 00:58:26.182000,1
A94,B25,7728.723307915487,2026-03-21 00:58:26.182000,1
A12,B81,8999.725957940205,2025-09-18 00:58:26.182000,1
A94,B46,8765.29291276746,2025-06-14 00:58:26.182000,1
A59,B35,164.96739354760678,2025-07-12 00:58:26.182000,0
A82,B26,1216.6805671309655,2025-12-31 00:58:26.182000,0
A86,B43,2641.1274633365897,2026-04-10 00:58:26.182000,0
A90,B17,5550.242001985795,2025-11-21 00:58:26.182000,1
A46,B5,9301.950403406501,2026-04-05 00:58:26.182000,1
A9,B89,7431.111384473321,2025-11-23 00:58:26.182000,1
A69,B73,1272.7155351332826,2026-02-21 00:58:26.182000,0
A51,B8,350.41593037729643,2025-11-05 00:58:26.182000,0
A28,B36,4319.884446107412,2026-02-15 00:58:26.182000,0
A55,B18,6903.56518423324,2025-08-16 00:58:26.182000,1
A28,B15,9899.435503627486,2026-01-14 00:58:26.182000,1
A64,B60,1332.453772528632,2026-05-13 00:58:26.182000,0
A35,B59,8670.131086914269,2025-07-09 00:58:26.182000,1
A42,B54,9187.043802717775,2026-04-08 00:58:26.182000,1
A37,B22,9043.561322609807,2026-04-20 00:58:26.182000,1
A44,B98,3550.134034330065,2026-02-28 00:58:26.182000,0
A71,B44,4029.151892902834,2026-03-09 00:58:26.182000,0
A74,B29,5573.838401078691,2025-11-28 00:58:26.182000,1
A17,B38,7122.715280361361,2026-03-01 00:58:26.182000,1
A73,B78,1199.1061401718462,2025-08-28 00:58:26.182000,0
A63,B21,8975.288944757793,2025-06-03 00:58:26.182000,1
A44,B82,8984.555382006156,2025-08-22 00:58:26.182000,1
A88,B79,5918.86524134492,2026-02-12 00:58:26.182000,1
A98,B22,6170.129642834068,2025-09-19 00:58:26.182000,1
A7,B74,9941.399695683822,2025-07-03 00:58:26.182000,1
A6,B71,461.92460512211807,2025-11-24 00:58:26.182000,0
A13,B30,7390.0967474134995,2026-05-07 00:58:26.182000,1
A81,B12,3556.026747149909,2025-11-29 00:58:26.182000,0
A59,B53,4494.464466405178,2025-11-04 00:58:26.182000,0
A3,B67,4094.658503100362,2025-10-13 00:58:26.182000,0
A16,B63,4503.039609414099,2026-03-30 00:58:26.182000,0
A21,B28,8349.698675964359,2025-09-02 00:58:26.182000,1
A57,B76,2900.0185047017335,2025-10-28 00:58:26.182000,0
A59,B61,4776.289413751183,2026-02-03 00:58:26.182000,0
A1,B60,1354.7093429945173,2026-02-26 00:58:26.182000,0
A55,B36,1842.6732797163536,2026-02-14 00:58:26.182000,0
A26,B2,7661.897576001925,2025-07-09 00:58:26.182000,1
A89,B94,9164.25505483791,2025-06-30 00:58:26.182000,1
A17,B55,9366.848247860715,2025-09-17 00:58:26.182000,1
A84,B95,847.05701806427,2025-07-26 00:58:26.182000,0
A39,B32,8957.035724056956,2025-05-30 00:58:26.182000,1
A21,B32,5939.597334523143,2026-04-18 00:58:26.182000,1
A36,B42,3705.0403480405494,2026-01-26 00:58:26.182000,0
A12,B56,6497.553553437711,2025-06-20 00:58:26.182000,1
A84,B75,3799.9520640161954,2025-09-11 00:58:26.182000,0
A47,B29,4391.484539847488,2025-08-10 00:58:26.182000,0
A33,B76,5091.585240946013,2025-09-30 00:58:26.182000,1
A11,B20,5884.9279677883,2025-11-05 00:58:26.182000,1
A48,B74,9448.233311864236,2025-12-09 00:58:26.182000,1
A86,B1,978.017035874074,2025-06-28 00:58:26.182000,0
A84,B54,2980.5118424296506,2025-11-15 00:58:26.182000,0
A22,B6,3417.7609383493404,2026-02-10 00:58:26.182000,0
A7,B6,5645.672069427368,2026-05-01 00:58:26.182000,1
A51,B61,8974.043240224453,2026-05-04 00:58:26.182000,1
A81,B94,5802.483783045385,2025-10-03 00:58:26.182000,1
A40,B99,8442.213618167902,2026-02-15 00:58:26.182000,1
A93,B65,4272.628405241067,2026-05-21 00:58:26.182000,0
A90,B5,3234.7727283599734,2025-08-03 00:58:26.182000,0
A97,B55,3192.597227509537,2025-11-22 00:58:26.182000,0
A30,B68,1792.3739639341945,2026-05-14 00:58:26.182000,0
A55,B51,1440.5336419412852,2025-06-16 00:58:26.182000,0
A84,B62,8141.731930010587,2025-11-13 00:58:26.182000,1
A12,B90,7348.9112266526945,2025-06-24 00:58:26.182000,1
A91,B13,9892.161679361307,2025-11-30 00:58:26.182000,1
A13,B58,2114.7000845601488,2025-10-22 00:58:26.182000,0
A1,B64,5196.1583562178885,2026-05-19 00:58:26.182000,1
A28,B31,5755.626851000201,2025-12-12 00:58:26.182000,1
A62,B11,6158.620197404401,2025-09-27 00:58:26.182000,1
A10,B72,1003.6706852166549,2026-04-09 00:58:26.182000,0
A17,B97,2855.0616576095626,2026-03-15 00:58:26.182000,0
A76,B2,1194.325265255221,2026-04-03 00:58:26.182000,0
A29,B89,2745.7465150318353,2025-07-22 00:58:26.182000,0
A67,B94,4394.778277233967,2025-08-29 00:58:26.182000,0
A88,B53,8854.638140212852,2025-08-08 00:58:26.182000,1
A57,B28,2891.903422420149,2026-03-24 00:58:26.182000,0
A2,B17,9177.753724840997,2025-07-23 00:58:26.182000,1
A2,B46,9888.167686504425,2026-03-14 00:58:26.182000,1
A90,B38,7537.153360472122,2025-09-22 00:58:26.182000,1
A44,B31,9245.91336715541,2025-09-11 00:58:26.182000,1
A16,B83,6667.671784859156,2025-08-12 00:58:26.182000,1
A55,B12,1418.6212200582054,2025-08-13 00:58:26.182000,0
A89,B3,2076.3626894065196,2025-11-29 00:58:26.182000,0
A17,B62,8389.512058287075,2026-03-22 00:58:26.182000,1
A62,B86,7551.098739108709,2025-07-07 00:58:26.182000,1
A10,B40,283.2277458006994,2026-05-06 00:58:26.182000,0
A30,B21,9026.387611382104,2025-06-30 00:58:26.182000,1
A50,B91,9598.968463596239,2025-12-11 00:58:26.182000,1
A12,B59,5402.899201465994,2026-01-17 00:58:26.182000,1
A94,B74,7991.9300997210685,2025-12-14 00:58:26.182000,1
A14,B96,76.58441669326444,2025-08-21 00:58:26.182000,0
A14,B75,8326.719901604638,2025-10-17 00:58:26.182000,1
A41,B4,267.51528130255764,2025-12-23 00:58:26.182000,0
A48,B59,2039.3779795285814,2026-05-03 00:58:26.182000,0
A39,B60,9418.641524011782,2026-03-29 00:58:26.182000,1
A18,B99,5715.939973598424,2026-04-24 00:58:26.182000,1
A49,B18,7323.573290882993,2025-12-20 00:58:26.182000,1
A100,B91,5213.730011809805,2025-06-16 00:58:26.182000,1
A97,B52,8312.06777501073,2026-03-13 00:58:26.182000,1
A18,B24,2956.466395935207,2025-05-31 00:58:26.182000,0
A83,B48,1105.052619020242,2026-01-10 00:58:26.182000,0
A87,B81,7066.158777942097,2025-11-09 00:58:26.182000,1
A19,B60,8448.993802876817,2026-03-05 00:58:26.182000,1
A9,B91,4449.60658095709,2025-12-30 00:58:26.182000,0
A68,B82,4328.336825055054,2025-11-29 00:58:26.182000,0
A73,B1,2637.9347566349024,2025-10-24 00:58:26.182000,0
A2,B81,8646.38248605141,2026-04-14 00:58:26.182000,1
A79,B10,9930.84173159113,2025-08-24 00:58:26.182000,1
A84,B50,7319.021089229498,2025-11-17 00:58:26.182000,1
A22,B89,1173.4617758893314,2026-04-14 00:58:26.182000,0
A57,B43,3543.6744154123544,2025-09-09 00:58:26.182000,0
A45,B68,799.8801222840879,2025-12-16 00:58:26.182000,0
A93,B5,7935.2693489357325,2025-12-20 00:58:26.182000,1
A28,B38,7276.342286339102,2025-10-26 00:58:26.182000,1
A81,B55,3277.8860000200907,2026-05-11 00:58:26.182000,0
A96,B97,5075.531124994294,2026-05-09 00:58:26.182000,1
A20,B35,2768.3192185320395,2025-12-28 00:58:26.182000,0
A53,B90,6309.933181910679,2025-12-06 00:58:26.182000,1
A79,B79,5133.312689394458,2026-02-17 00:58:26.182000,1
A88,B70,7772.68525295067,2025-05-23 00:58:26.182000,1
A57,B74,7071.029917169335,2026-04-05 00:58:26.182000,1
A28,B27,3154.951151265221,2026-03-13 00:58:26.182000,0
A12,B88,9248.052508333212,2025-08-27 00:58:26.182000,1
A13,B11,4339.442466820654,2025-07-18 00:58:26.182000,0
A18,B80,9324.356326341524,2025-07-20 00:58:26.182000,1
A97,B43,7944.032019285522,2026-04-01 00:58:26.182000,1
A16,B95,3182.096715212484,2025-11-18 00:58:26.182000,0
A76,B8,8415.896097094723,2026-03-25 00:58:26.182000,1
A94,B66,6614.692966773911,2026-04-04 00:58:26.182000,1
A50,B87,8776.959585283303,2026-01-07 00:58:26.182000,1
A45,B47,366.00550034890756,2025-12-03 00:58:26.182000,0
A55,B7,6348.6265829695585,2025-12-11 00:58:26.182000,1
A41,B15,89.62617663054283,2026-03-20 00:58:26.182000,0
A18,B50,1377.3779799608155,2026-02-18 00:58:26.182000,0
A32,B47,3768.3284785779338,2025-07-31 00:58:26.182000,0
A36,B60,9432.192060201565,2026-02-03 00:58:26.182000,1
A83,B80,6736.742834335761,2025-07-28 00:58:26.182000,1
A11,B6,2660.2076074216734,2026-04-12 00:58:26.182000,0
A32,B47,1522.816732900042,2026-01-24 00:58:26.182000,0
A71,B47,8140.549830117654,2026-04-27 00:58:26.182000,1
A77,B23,7338.271243589346,2026-01-01 00:58:26.182000,1
A77,B83,2833.17073983402,2025-12-14 00:58:26.182000,0
A93,B72,1993.7439523740072,2025-08-14 00:58:26.182000,0
A78,B91,8759.880836875958,2025-08-18 00:58:26.182000,1
A37,B9,9508.819254621112,2026-04-12 00:58:26.182000,1
A100,B72,8572.996393856429,2025-05-23 00:58:26.182000,1
A89,B91,7496.96530446223,2025-08-14 00:58:26.182000,1
A4,B100,41.94512761268483,2025-07-31 00:58:26.182000,0
A85,B27,681.9400611669159,2025-06-03 00:58:26.182000,0
A39,B18,5581.794241413919,2025-08-16 00:58:26.182000,1
A27,B43,2093.384246325531,2025-12-21 00:58:26.182000,0
A67,B31,1789.369104264223,2025-08-13 00:58:26.182000,0
A78,B70,4187.411890796845,2025-06-20 00:58:26.182000,0
A66,B15,2638.107402009132,2025-12-21 00:58:26.182000,0
A25,B84,3809.099396198641,2026-04-01 00:58:26.182000,0
A96,B62,5843.150568863828,2025-10-28 00:58:26.182000,1
A51,B95,6380.769123759498,2026-05-02 00:58:26.182000,1
A38,B97,4847.488298783502,2025-12-14 00:58:26.182000,0
A83,B75,6572.840255378252,2025-10-19 00:58:26.182000,1
A7,B90,1808.8427022108256,2026-04-05 00:58:26.182000,0
A31,B27,3008.0047064908713,2025-06-20 00:58:26.182000,0
A64,B97,2326.6144399467134,2025-12-03 00:58:26.182000,0
A50,B96,2928.2380090138186,2026-01-05 00:58:26.182000,0
A15,B98,4855.7489047744675,2026-04-26 00:58:26.182000,0
A31,B29,7969.494305282642,2026-03-13 00:58:26.182000,1
A64,B42,3928.178458157499,2026-04-17 00:58:26.182000,0
A82,B46,3577.7074381612165,2026-04-04 00:58:26.182000,0
A77,B35,4814.780935058132,2025-07-25 00:58:26.182000,0
A10,B65,974.3669983529744,2026-05-20 00:58:26.182000,0
A68,B88,1132.550536912383,2026-03-29 00:58:26.182000,0
A2,B55,8810.142939829942,2025-09-20 00:58:26.182000,1
A47,B36,7552.06140340661,2026-05-01 00:58:26.182000,1
A41,B7,2879.840823946478,2025-09-24 00:58:26.182000,0
A17,B9,9693.927808905075,2025-11-19 00:58:26.182000,1
A50,B48,3260.7164921722447,2025-10-27 00:58:26.182000,0
A73,B45,6627.557716402442,2025-08-18 00:58:26.182000,1
A54,B58,1167.0336065454956,2026-03-29 00:58:26.182000,0
A47,B63,4652.711963903845,2026-01-07 00:58:26.182000,0
A70,B65,3195.870485600251,2026-03-02 00:58:26.182000,0
A88,B68,1144.2275712066137,2025-07-24 00:58:26.182000,0
A23,B16,6972.716121874095,2025-08-08 00:58:26.182000,1
A98,B61,7051.13982244803,2026-01-16 00:58:26.182000,1
A61,B91,7739.08099526832,2026-04-11 00:58:26.182000,1
A99,B69,4842.549953928642,2025-12-02 00:58:26.182000,0
A10,B87,8049.16588411817,2026-02-25 00:58:26.182000,1
A3,B69,4896.852035482058,2026-02-17 00:58:26.182000,0
A76,B38,4125.9091585527885,2025-06-24 00:58:26.182000,0
A9,B58,2356.2518042276483,2025-08-04 00:58:26.182000,0
A2,B80,2916.39305656075,2025-05-29 00:58:26.182000,0
A34,B48,5079.799155659307,2026-03-30 00:58:26.182000,1
A28,B87,8899.208025644522,2025-07-04 00:58:26.182000,1
A6,B89,7830.450665622712,2026-05-14 00:58:26.182000,1
A8,B9,617.4245785694604,2025-09-24 00:58:26.182000,0
A51,B25,7720.268591409089,2026-01-31 00:58:26.182000,1
A65,B59,2623.436476313625,2025-05-25 00:58:26.182000,0
A37,B12,3183.0073986066764,2026-03-19 00:58:26.182000,0
A81,B11,3919.870154427104,2026-02-25 00:58:26.182000,0
A92,B51,4425.095947144484,2025-06-07 00:58:26.182000,0
A65,B23,3992.808321896097,2025-09-04 00:58:26.182000,0
A99,B37,9124.563613875116,2026-01-20 00:58:26.182000,1
A54,B10,2690.4891642942935,2025-10-26 00:58:26.182000,0
A55,B14,7284.586605632993,2026-05-20 00:58:26.182000,1
A90,B22,3405.0171526245713,2025-06-08 00:58:26.182000,0
A52,B36,8187.060599296012,2025-08-28 00:58:26.182000,1
A11,B15,3092.0213890961336,2026-01-03 00:58:26.182000,0
A82,B90,4104.0173154390395,2025-07-31 00:58:26.182000,0
A69,B19,5729.3319098462425,2026-02-15 00:58:26.182000,1
A69,B64,1673.6860793439362,2025-09-12 00:58:26.182000,0
A79,B20,2069.946207238171,2025-08-15 00:58:26.182000,0
A20,B27,6256.612189427412,2026-01-21 00:58:26.182000,1
A36,B67,9479.299164733848,2026-04-22 00:58:26.182000,1
A11,B81,6136.906673993218,2025-10-14 00:58:26.182000,1
A40,B3,3303.544923371532,2026-02-03 00:58:26.182000,0
A11,B38,6053.56244364586,2025-07-13 00:58:26.182000,1
A66,B54,208.99996700348495,2025-06-15 00:58:26.182000,0
A27,B88,7225.064922205848,2025-11-05 00:58:26.182000,1
A20,B70,8026.10464944012,2026-02-13 00:58:26.182000,1
A69,B17,911.6245802233433,2025-08-25 00:58:26.182000,0
A42,B61,7050.257901247947,2025-12-24 00:58:26.182000,1
A51,B45,9123.163360010678,2025-11-27 00:58:26.182000,1
A76,B54,7670.752085465709,2026-03-14 00:58:26.182000,1
A82,B57,5533.4129623622675,2025-10-27 00:58:26.182000,1
A98,B95,6552.76651294276,2025-07-24 00:58:26.182000,1
A84,B83,5191.303495187531,2025-10-24 00:58:26.182000,1
A88,B3,3627.3565386188916,2025-07-30 00:58:26.182000,0
A83,B38,1992.4137422615343,2025-12-26 00:58:26.182000,0
A9,B25,1578.3591817551026,2026-01-05 00:58:26.182000,0
A40,B9,5361.631128648724,2026-01-15 00:58:26.182000,1
A90,B3,8598.631128676436,2025-07-11 00:58:26.182000,1
A56,B30,2301.051338530875,2026-03-20 00:58:26.182000,0
A94,B67,8014.8410934390695,2025-05-26 00:58:26.182000,1
A31,B83,9107.431264259372,2025-10-19 00:58:26.182000,1
A8,B43,3321.706107331952,2026-01-12 00:58:26.182000,0
A32,B53,2163.9948273001764,2025-06-25 00:58:26.182000,0
A12,B75,7336.010151092338,2025-07-17 00:58:26.182000,1
A56,B44,9400.737823965195,2025-09-10 00:58:26.182000,1
A15,B84,370.38897519085407,2026-05-22 00:58:26.182000,0
A59,B83,210.0834489141908,2026-03-25 00:58:26.182000,0
A79,B42,9404.148378746868,2025-10-27 00:58:26.182000,1
A78,B63,1034.182096272544,2025-07-24 00:58:26.182000,0
A8,B76,3985.394706171163,2026-02-14 00:58:26.182000,0
A40,B86,4854.150459262943,2026-01-13 00:58:26.182000,0
A86,B90,1577.8856085096763,2025-06-03 00:58:26.182000,0
A95,B68,3021.6496893927538,2026-03-18 00:58:26.182000,0
A85,B71,2307.7523394617397,2025-07-31 00:58:26.182000,0
A95,B57,7726.392230494466,2026-02-17 00:58:26.182000,1
A23,B59,2480.614300425666,2025-06-28 00:58:26.182000,0
A16,B39,2731.8578773115187,2025-07-29 00:58:26.182000,0
A2,B73,1245.1918781684965,2026-03-22 00:58:26.182000,0
A91,B17,7842.695579788005,2025-06-13 00:58:26.182000,1
A18,B40,6556.206828232868,2026-01-15 00:58:26.182000,1
A90,B22,1320.6199626980413,2026-03-16 00:58:26.182000,0
A2,B34,7407.852107490972,2025-05-23 00:58:26.182000,1
A21,B30,2707.286624843009,2026-05-02 00:58:26.182000,0
A64,B62,858.3171283789386,2026-01-24 00:58:26.182000,0
A45,B48,748.1635251645109,2026-01-15 00:58:26.182000,0
A67,B37,7223.907566278111,2026-04-29 00:58:26.182000,1
A67,B99,7626.236062117381,2026-04-16 00:58:26.182000,1
A93,B7,4159.646435464473,2025-06-06 00:58:26.182000,0
A34,B19,157.27042122999708,2025-11-01 00:58:26.182000,0
A22,B46,8304.212674286682,2026-03-15 00:58:26.182000,1
A48,B37,6052.669891719192,2026-01-31 00:58:26.182000,1
A17,B59,1526.9570938841332,2026-01-01 00:58:26.182000,0
A96,B22,7361.3752469873125,2026-03-26 00:58:26.182000,1
A100,B80,7928.273861313817,2025-08-01 00:58:26.182000,1
A35,B21,1950.897961232084,2026-05-21 00:58:26.182000,0
A94,B92,6060.858893353026,2025-06-23 00:58:26.182000,1
A16,B69,3128.775143622382,2026-02-04 00:58:26.182000,0
A99,B37,3244.0300499444866,2026-03-27 00:58:26.182000,0
A4,B24,5128.432755376389,2025-05-31 00:58:26.182000,1
A43,B23,244.08519617109155,2026-05-15 00:58:26.182000,0
A55,B91,2747.7569023852598,2025-10-23 00:58:26.182000,0
A35,B89,2034.6402648523106,2026-03-29 00:58:26.182000,0
A68,B86,2650.056852720165,2025-11-29 00:58:26.182000,0
A9,B20,6563.9465800393355,2026-02-06 00:58:26.182000,1
A34,B21,4719.289527848671,2025-10-06 00:58:26.182000,0
A92,B31,2919.474152259904,2026-03-10 00:58:26.182000,0
A74,B15,939.6933262818081,2026-03-08 00:58:26.182000,0
A81,B6,9669.194433683482,2025-06-25 00:58:26.182000,1
A10,B41,5614.352625852774,2026-03-20 00:58:26.182000,1
A64,B74,4838.6616958781,2025-11-15 00:58:26.182000,0
A59,B17,9077.580913541957,2025-12-07 00:58:26.182000,1
A66,B57,5336.7069973116295,2025-10-24 00:58:26.182000,1
A47,B34,2453.6942370255238,2025-11-10 00:58:26.182000,0
A8,B48,181.95319877272775,2025-06-19 00:58:26.182000,0
A64,B24,4975.378555195771,2025-08-30 00:58:26.182000,0
A73,B27,3942.515367083693,2025-06-08 00:58:26.182000,0
A22,B72,3733.6492901994047,2026-01-02 00:58:26.182000,0
A48,B91,5470.348337804091,2025-10-07 00:58:26.182000,1
A21,B5,1091.9599103792066,2025-06-17 00:58:26.182000,0
A33,B86,2248.3679925130004,2026-02-08 00:58:26.182000,0
A99,B41,9752.15404382847,2025-07-01 00:58:26.182000,1
A14,B45,3979.5126967455876,2026-03-09 00:58:26.182000,0
A74,B19,2328.8343216209255,2026-02-06 00:58:26.182000,0
A87,B48,3704.5180489368367,2025-11-04 00:58:26.182000,0
A93,B58,5635.901144507489,2025-11-23 00:58:26.182000,1
A15,B70,6431.757464356661,2026-02-15 00:58:26.182000,1
A30,B21,3331.0303939601386,2025-06-16 00:58:26.182000,0
A95,B69,8098.711061647826,2025-06-17 00:58:26.182000,1
A66,B39,9758.4161023461,2026-01-18 00:58:26.182000,1
A1,B16,962.9364601764477,2025-09-14 00:58:26.182000,0
A6,B4,1700.8645697291288,2025-09-14 00:58:26.182000,0
A2,B52,8649.628867145715,2026-01-02 00:58:26.182000,1
A32,B64,4903.216506527075,2025-10-11 00:58:26.182000,0
A6,B99,2507.1908930543723,2026-04-27 00:58:26.182000,0
A61,B19,1421.8923497044946,2026-01-13 00:58:26.182000,0
A47,B59,6168.719819503451,2026-05-21 00:58:26.182000,1
A50,B41,4740.411429843474,2025-10-13 00:58:26.182000,0
A20,B20,7233.093813047584,2025-09-27 00:58:26.182000,1
A23,B1,5670.725663141982,2026-03-02 00:58:26.182000,1
A5,B95,2331.9732839520284,2026-04-21 00:58:26.182000,0
A71,B70,7676.410704771006,2026-04-22 00:58:26.182000,1
A92,B65,2527.718251306319,2025-09-30 00:58:26.182000,0
A95,B43,3121.4350232311044,2025-08-27 00:58:26.182000,0
A84,B83,3385.3061215943917,2025-12-25 00:58:26.182000,0
A54,B91,1514.6136259640155,2026-02-07 00:58:26.182000,0
A29,B38,3221.21538745676,2025-10-23 00:58:26.182000,0
A42,B61,5657.470478574288,2026-03-27 00:58:26.182000,1
A32,B38,4071.277491119242,2025-12-26 00:58:26.182000,0
A54,B97,65.66197915947033,2026-03-11 00:58:26.182000,0
A93,B74,6907.069412992518,2025-12-28 00:58:26.182000,1
A41,B86,7552.828923973969,2025-12-30 00:58:26.182000,1
A35,B19,7949.010949823123,2026-02-21 00:58:26.182000,1
A10,B73,5460.431467541728,2025-10-16 00:58:26.182000,1
A74,B94,3137.0315974590035,2026-05-15 00:58:26.182000,0
A48,B57,6523.566160165042,2025-09-22 00:58:26.182000,1
A16,B44,3225.1611970298472,2025-08-24 00:58:26.182000,0
A65,B89,7091.593037211398,2026-04-19 00:58:26.182000,1
A87,B15,5149.166845325562,2025-07-26 00:58:26.182000,1
A7,B94,8587.94257230649,2025-10-02 00:58:26.182000,1
A23,B62,9927.626035536547,2025-11-25 00:58:26.182000,1
A29,B6,823.5287458679944,2025-12-18 00:58:26.182000,0
A67,B18,1059.3883248624443,2025-06-27 00:58:26.182000,0
A6,B87,6995.563083322863,2026-01-28 00:58:26.182000,1
A52,B71,3763.1036435928336,2025-10-04 00:58:26.182000,0
A9,B15,7571.298191518403,2026-02-09 00:58:26.182000,1
A60,B40,1629.3102114214798,2025-06-04 00:58:26.182000,0
A37,B4,7484.006138321474,2026-01-01 00:58:26.182000,1
A100,B52,1670.3077662863018,2025-09-20 00:58:26.182000,0
A40,B80,4381.636586105779,2025-11-04 00:58:26.182000,0
A42,B29,9719.443578090588,2026-01-04 00:58:26.182000,1
A12,B58,400.2288585616147,2026-03-01 00:58:26.182000,0
A71,B46,4247.580427578788,2025-09-19 00:58:26.182000,0
A59,B12,1715.5136483564029,2026-01-30 00:58:26.182000,0
A2,B42,8033.504768987335,2025-10-10 00:58:26.182000,1
A48,B8,4877.061834910923,2026-03-15 00:58:26.182000,0
A26,B78,7492.444396416904,2026-05-14 00:58:26.182000,1
A38,B83,5475.379648337453,2026-01-22 00:58:26.182000,1
A73,B25,4000.06252655754,2025-06-26 00:58:26.182000,0
A39,B75,2974.5427219171593,2025-09-16 00:58:26.182000,0
A95,B68,4360.439231078964,2025-11-07 00:58:26.182000,0
A80,B29,2949.294329972792,2026-01-30 00:58:26.182000,0
A32,B99,9220.482473101165,2025-08-13 00:58:26.182000,1
A60,B36,6770.0647654262575,2025-09-04 00:58:26.182000,1
A48,B26,5229.576226924639,2025-06-28 00:58:26.182000,1
A76,B3,6154.853867564763,2026-03-09 00:58:26.182000,1
A64,B11,3722.6018096690304,2026-03-27 00:58:26.182000,0
A99,B69,6505.704950301329,2026-01-05 00:58:26.182000,1
A100,B58,1423.7607902218833,2025-11-14 00:58:26.182000,0
A26,B87,5237.279893483136,2025-08-28 00:58:26.182000,1
A94,B86,2052.5737946488644,2026-01-12 00:58:26.182000,0
A70,B12,6143.858210671198,2025-06-03 00:58:26.182000,1
A98,B66,7147.6032521487805,2026-04-02 00:58:26.182000,1
A32,B51,5198.604044162725,2026-01-03 00:58:26.182000,1
A20,B25,2519.8812353341223,2025-06-19 00:58:26.182000,0
A1,B63,4634.172857881077,2025-08-31 00:58:26.182000,0
A53,B41,9362.662962514682,2025-12-15 00:58:26.182000,1
A4,B78,9271.525141449083,2025-10-28 00:58:26.182000,1
A30,B78,7204.101270227904,2026-05-12 00:58:26.182000,1
A70,B66,8525.43778552963,2026-04-20 00:58:26.182000,1
A45,B8,1362.039071774033,2025-08-05 00:58:26.182000,0
A82,B86,5248.54075598466,2026-03-29 00:58:26.182000,1
A89,B47,8295.786078452806,2026-01-19 00:58:26.182000,1
A2,B51,108.11365160124973,2025-12-29 00:58:26.182000,0
A43,B19,4168.866401318203,2026-01-13 00:58:26.182000,0
A1,B92,1511.9872754084276,2026-01-17 00:58:26.182000,0
A98,B55,679.8096514729405,2025-06-14 00:58:26.182000,0
A85,B48,9769.99157790816,2025-08-11 00:58:26.182000,1
A49,B50,3125.286691245672,2025-07-12 00:58:26.182000,0
A95,B48,1884.8675259998708,2025-08-01 00:58:26.182000,0
A94,B2,6943.511266690045,2025-08-24 00:58:26.182000,1
A40,B37,5381.937629516049,2026-02-18 00:58:26.182000,1
A14,B45,3317.0409530118,2025-07-05 00:58:26.182000,0
A27,B45,620.4668137690267,2025-09-10 00:58:26.182000,0
A68,B40,4692.254086200893,2025-08-25 00:58:26.182000,0
A31,B58,1572.9656834680757,2026-05-21 00:58:26.182000,0
A54,B72,3511.023401223658,2026-03-07 00:58:26.182000,0
A63,B12,5595.969330628203,2026-05-12 00:58:26.182000,1
A8,B28,2268.034808755851,2025-12-06 00:58:26.182000,0
A19,B94,6291.9293131765235,2025-06-03 00:58:26.182000,1
A92,B57,9279.516193453075,2025-08-12 00:58:26.182000,1
A36,B95,2753.0603428113,2025-10-20 00:58:26.182000,0
A12,B54,8209.336760982811,2025-08-05 00:58:26.182000,1
A6,B57,8682.250653411409,2025-11-29 00:58:26.182000,1
A30,B37,5848.839166655674,2026-05-22 00:58:26.182000,1
A67,B21,3064.44570287373,2025-09-18 00:58:26.182000,0
A53,B94,6248.764350877839,2026-02-12 00:58:26.182000,1
A90,B55,4038.6509075294143,2026-02-16 00:58:26.182000,0
A48,B94,2554.946348484693,2026-03-28 00:58:26.182000,0
A59,B54,5414.759762433003,2025-12-17 00:58:26.182000,1
A96,B18,6597.082027300114,2025-10-17 00:58:26.182000,1
A11,B76,783.9864977483809,2026-01-14 00:58:26.182000,0
A75,B77,1532.6938124651685,2025-05-31 00:58:26.182000,0
A13,B12,7309.2742023784685,2026-01-03 00:58:26.182000,1
A65,B19,2807.055479597071,2025-07-26 00:58:26.182000,0
A18,B27,2636.7467941415384,2026-02-09 00:58:26.182000,0
A82,B39,1032.1980276388956,2025-07-05 00:58:26.182000,0
A51,B61,7970.875965490601,2025-10-29 00:58:26.182000,1
A10,B68,5877.297446965075,2025-06-14 00:58:26.182000,1
A76,B43,7662.882882175115,2025-07-18 00:58:26.182000,1
A73,B9,3308.3002979368002,2025-08-06 00:58:26.182000,0
A8,B76,7722.067039947719,2025-08-07 00:58:26.182000,1
A56,B97,5925.778048051181,2025-11-21 00:58:26.182000,1
A85,B49,2779.6026696780486,2026-04-03 00:58:26.182000,0
A17,B12,8074.922826105971,2025-11-09 00:58:26.182000,1
A31,B1,8714.652473276205,2025-09-23 00:58:26.182000,1
A38,B53,6688.284166181125,2025-07-07 00:58:26.182000,1
A34,B82,4739.334311120018,2026-02-11 00:58:26.182000,0
A41,B35,1689.3128911158524,2026-01-17 00:58:26.182000,0
A51,B54,7835.81551168853,2025-12-07 00:58:26.182000,1
A90,B23,9890.981383936629,2026-04-29 00:58:26.182000,1
A95,B72,922.4693061871494,2025-12-01 00:58:26.182000,0
A42,B60,8035.504744746444,2025-11-21 00:58:26.182000,1
A41,B91,1473.4516362987456,2025-09-23 00:58:26.182000,0
A58,B73,1656.5356890848668,2026-01-19 00:58:26.182000,0
A35,B97,8747.394756395119,2025-08-23 00:58:26.182000,1
A30,B18,3240.145380102815,2025-12-03 00:58:26.182000,0
A10,B26,8960.573887517468,2025-09-12 00:58:26.182000,1
A26,B24,531.369980487074,2026-01-26 00:58:26.182000,0
A18,B49,5121.935577498908,2025-10-14 00:58:26.182000,1
A100,B38,4402.493319807971,2025-08-08 00:58:26.182000,0
A99,B71,6651.7738689644175,2026-05-14 00:58:26.182000,1
A75,B63,3277.6227473658146,2025-06-03 00:58:26.182000,0
A14,B6,5008.747300375061,2026-04-13 00:58:26.182000,1
A20,B39,1181.7919984111277,2026-03-31 00:58:26.182000,0
A14,B75,5605.849900383756,2025-08-06 00:58:26.182000,1
A22,B39,3779.3224208910533,2026-03-13 00:58:26.182000,0
A58,B64,3861.44328806835,2026-01-24 00:58:26.182000,0
A60,B72,4750.035235556709,2025-10-24 00:58:26.182000,0
A41,B95,3124.500706926791,2026-04-30 00:58:26.182000,0
A53,B60,5224.637188736718,2026-02-07 00:58:26.182000,1
A16,B29,5311.548218363632,2025-09-25 00:58:26.182000,1
A69,B4,8834.023233188362,2025-10-23 00:58:26.182000,1
A46,B1,8423.490297025848,2025-08-22 00:58:26.182000,1
A99,B20,9554.04763139413,2026-04-15 00:58:26.182000,1
A27,B34,9455.444429154404,2026-03-31 00:58:26.182000,1
A58,B39,8337.713289667592,2025-06-08 00:58:26.182000,1
A40,B82,7116.363302002929,2025-08-15 00:58:26.182000,1
A60,B82,8400.362275749892,2025-10-09 00:58:26.182000,1
A34,B61,5609.253796205309,2026-03-14 00:58:26.182000,1
A16,B16,4906.03411096369,2026-01-29 00:58:26.182000,0
A12,B84,7891.760906673111,2026-02-02 00:58:26.182000,1
A21,B86,6856.822175392475,2026-01-31 00:58:26.182000,1
A88,B37,5583.471795533774,2025-11-14 00:58:26.182000,1
A39,B54,4359.779595318439,2026-04-03 00:58:26.182000,0
A91,B23,3488.3230858917823,2026-05-04 00:58:26.182000,0
A90,B63,262.7025903964259,2026-01-11 00:58:26.182000,0
A78,B89,3663.2148833212955,2026-05-17 00:58:26.182000,0
A6,B83,4666.0980472694355,2025-07-26 00:58:26.182000,0
A28,B32,6703.6905846480695,2025-10-25 00:58:26.182000,1
A42,B4,7287.6301167647425,2026-03-22 00:58:26.182000,1
A19,B16,2145.6618073848795,2025-12-30 00:58:26.182000,0
A12,B98,5602.342286886165,2025-06-27 00:58:26.182000,1
A92,B36,9979.022127589998,2025-07-25 00:58:26.182000,1
A32,B64,9394.67741741188,2025-10-04 00:58:26.182000,1
A46,B9,3830.7495815181474,2026-02-04 00:58:26.182000,0
A51,B77,1798.265944142583,2026-04-05 00:58:26.182000,0
A66,B96,7478.8086656811065,2025-11-29 00:58:26.182000,1
A7,B47,116.61749300660536,2026-01-21 00:58:26.182000,0
A87,B75,4426.384869190334,2025-07-13 00:58:26.182000,0
A39,B62,5264.7659219573225,2026-03-23 00:58:26.182000,1
A34,B73,66.08923849479984,2026-04-05 00:58:26.182000,0
A23,B56,3110.803076783053,2026-01-14 00:58:26.182000,0
A4,B34,950.1437553860032,2025-07-20 00:58:26.182000,0
A52,B81,3694.985590569026,2025-08-21 00:58:26.182000,0
A58,B88,2545.065663478564,2025-07-04 00:58:26.182000,0
A72,B61,9216.42389304798,2026-01-19 00:58:26.182000,1
A96,B89,6071.676397156328,2026-04-30 00:58:26.182000,1
A71,B16,344.94663011810854,2025-09-21 00:58:26.182000,0
A32,B48,2756.76466636601,2025-06-04 00:58:26.182000,0
A13,B66,4792.561338834144,2026-01-01 00:58:26.182000,0
A60,B94,448.73470304474966,2025-08-18 00:58:26.182000,0
A14,B74,6958.0357616067095,2026-02-26 00:58:26.182000,1
A18,B3,2537.849159754787,2025-06-20 00:58:26.182000,0
A16,B34,6256.451413867605,2025-05-31 00:58:26.182000,1
A2,B21,9711.695537165459,2026-05-19 00:58:26.182000,1
A8,B75,8235.023830264514,2025-09-14 00:58:26.182000,1
A100,B8,8633.221363522967,2026-02-01 00:58:26.182000,1
A29,B19,9276.472643862551,2025-10-24 00:58:26.182000,1
A17,B41,9972.343458156192,2025-12-04 00:58:26.182000,1
A26,B60,6326.078426467347,2026-04-01 00:58:26.182000,1
A52,B89,4908.101848110347,2026-04-07 00:58:26.182000,0
A48,B18,4739.749678014669,2025-09-07 00:58:26.182000,0
A88,B46,8750.61894520379,2025-07-28 00:58:26.182000,1
A81,B21,7508.357635069024,2026-01-25 00:58:26.182000,1
A83,B7,8076.232546551778,2025-08-01 00:58:26.182000,1
A11,B35,391.5540009859441,2025-12-31 00:58:26.182000,0
A75,B47,298.0813315739898,2026-05-22 00:58:26.182000,0
A76,B54,8943.708703413393,2025-10-16 00:58:26.182000,1
A34,B82,1540.3855878810534,2025-05-31 00:58:26.182000,0
A10,B46,7364.599729160275,2025-11-25 00:58:26.182000,1
A3,B7,8710.423081002546,2025-11-21 00:58:26.182000,1
A9,B38,1325.1655763195301,2025-10-03 00:58:26.182000,0
A26,B38,4201.530105116245,2025-08-11 00:58:26.182000,0
A83,B68,8459.57331898118,2025-05-31 00:58:26.182000,1
A57,B82,569.9194622736144,2026-02-27 00:58:26.182000,0
A17,B10,6378.406775659343,2026-05-09 00:58:26.182000,1
A12,B66,632.6314701827105,2026-04-03 00:58:26.182000,0
A43,B25,983.779851424128,2025-07-05 00:58:26.182000,0
A16,B99,5445.394020989588,2025-08-03 00:58:26.182000,1
A6,B81,9834.20024862314,2026-05-12 00:58:26.182000,1
A60,B24,1949.881960857668,2025-06-15 00:58:26.182000,0
A7,B98,6143.897866585566,2026-01-02 00:58:26.182000,1
A22,B13,176.57779554518436,2026-02-13 00:58:26.182000,0
A74,B77,8374.362546899834,2026-02-23 00:58:26.182000,1
A56,B97,8483.817958888918,2026-03-03 00:58:26.182000,1
A93,B22,3171.638053718114,2026-01-23 00:58:26.182000,0
A51,B70,7095.996444005096,2026-04-29 00:58:26.182000,1
A64,B42,9058.190241179167,2026-02-20 00:58:26.182000,1
A4,B41,5872.606420026227,2026-02-11 00:58:26.182000,1
A49,B88,9443.566736794286,2026-02-04 00:58:26.182000,1
A88,B39,5168.241091084259,2026-02-10 00:58:26.182000,1
A55,B35,9406.046163874182,2026-03-16 00:58:26.182000,1
A23,B88,4037.699115944083,2025-12-22 00:58:26.182000,0
A46,B90,8378.789571453239,2025-09-29 00:58:26.182000,1
A28,B89,6699.715336592638,2026-04-21 00:58:26.182000,1
A24,B47,658.8994578828649,2025-06-18 00:58:26.182000,0
A36,B13,8252.224958131595,2025-10-04 00:58:26.182000,1
A36,B69,5020.241680470588,2026-01-27 00:58:26.182000,1
A58,B75,7292.281093699432,2025-07-10 00:58:26.182000,1
A20,B46,848.8473156401988,2026-03-15 00:58:26.182000,0
A5,B19,4439.554719884985,2026-05-06 00:58:26.182000,0
A79,B2,2762.4992978513606,2026-03-23 00:58:26.182000,0
A80,B18,1994.8471771201475,2026-02-07 00:58:26.182000,0
A79,B67,5059.603651005198,2025-11-16 00:58:26.182000,1
A32,B37,1737.9524530965386,2025-07-05 00:58:26.182000,0
A83,B48,7470.815997964285,2025-12-20 00:58:26.182000,1
A38,B100,8380.218375038268,2025-06-05 00:58:26.182000,1
A64,B63,42.211582500737066,2025-10-13 00:58:26.182000,0
A53,B53,2744.893761128099,2026-03-05 00:58:26.182000,0
A71,B44,3513.3409300146145,2025-06-04 00:58:26.182000,0
A62,B21,3421.110377966316,2026-04-20 00:58:26.182000,0
A8,B14,5686.050924604349,2026-03-02 00:58:26.182000,1
A12,B28,6965.958927497948,2025-09-22 00:58:26.182000,1
A36,B20,5666.230992849363,2025-11-10 00:58:26.182000,1
A50,B65,4635.423666765822,2026-05-19 00:58:26.182000,0
A18,B29,1171.4542855391705,2026-02-24 00:58:26.182000,0
A54,B25,914.7115738927168,2025-11-12 00:58:26.182000,0
A26,B72,7298.208268011453,2026-05-05 00:58:26.182000,1
A83,B79,1864.7323050486875,2025-08-23 00:58:26.182000,0
A68,B89,5915.5738161503,2026-02-22 00:58:26.182000,1
A32,B68,9657.998299903218,2025-06-06 00:58:26.182000,1
A81,B69,7669.5584607248375,2025-10-19 00:58:26.182000,1
A70,B92,7889.479420589526,2026-03-28 00:58:26.182000,1
A3,B71,2183.0832615723953,2026-04-09 00:58:26.182000,0
A49,B90,3751.550293109473,2026-03-03 00:58:26.182000,0
A92,B97,821.9365826488424,2026-02-03 00:58:26.182000,0
A46,B15,7245.524889923191,2026-04-15 00:58:26.182000,1
A62,B54,2474.853859206626,2026-03-05 00:58:26.182000,0
A70,B59,8374.71014173401,2025-10-22 00:58:26.182000,1
A63,B10,6426.750741132703,2026-03-28 00:58:26.182000,1
A45,B15,9015.777193212607,2025-10-12 00:58:26.182000,1
A73,B17,1918.9497335747637,2026-01-25 00:58:26.182000,0
A65,B3,7560.767109645334,2025-05-29 00:58:26.182000,1
A42,B62,1336.0208029431533,2026-02-26 00:58:26.182000,0
A50,B45,542.819690997238,2026-01-06 00:58:26.182000,0
A35,B40,7062.080491094996,2025-05-22 00:58:26.182000,1
A24,B89,1788.2603190604168,2025-08-29 00:58:26.182000,0
A4,B47,1412.8564763422987,2025-05-22 00:58:26.182000,0
A41,B18,3162.254389268814,2025-08-11 00:58:26.182000,0
A77,B57,2267.3441972166293,2025-06-10 00:58:26.182000,0
A29,B77,1890.5704576914472,2025-08-24 00:58:26.182993,0
A4,B67,8836.850103737817,2025-07-24 00:58:26.182993,1
A100,B98,1779.3497536554135,2025-07-27 00:58:26.182993,0
A36,B44,2956.3741265307913,2025-12-05 00:58:26.182993,0
A8,B23,6978.606022608185,2025-10-03 00:58:26.182993,1
A61,B91,2652.8059819578857,2026-03-03 00:58:26.182993,0
A68,B39,4903.9577501116655,2025-07-22 00:58:26.182993,0
A46,B4,5791.174680534718,2025-08-23 00:58:26.182993,1
A99,B96,3495.103374987704,2025-06-18 00:58:26.182993,0
A75,B16,6421.840849184966,2025-08-05 00:58:26.182993,1
A30,B29,4502.234715943826,2026-02-01 00:58:26.182993,0
A21,B17,6313.953808274331,2025-10-05 00:58:26.182993,1
A13,B89,8318.987110875856,2025-10-17 00:58:26.182993,1
A32,B19,376.94362653161954,2026-02-23 00:58:26.182993,0
A85,B89,8348.894680189918,2025-07-14 00:58:26.182993,1
A31,B30,3862.9501087627195,2025-10-07 00:58:26.182993,0
A35,B40,5384.108352150216,2025-12-31 00:58:26.182993,1
A69,B17,2114.521342498203,2025-12-12 00:58:26.182993,0
A95,B27,7024.852794067527,2026-01-09 00:58:26.182993,1
A8,B17,3475.7460917802127,2025-07-16 00:58:26.182993,0
A98,B11,8110.974143246988,2026-02-02 00:58:26.182993,1
A29,B55,7964.751294136071,2026-05-12 00:58:26.182993,1
A74,B89,2082.395107361598,2026-02-11 00:58:26.182993,0
A50,B98,6999.541725927737,2025-10-27 00:58:26.182993,1
A46,B15,5042.614866201549,2025-12-22 00:58:26.182993,1
A23,B10,8300.278250753034,2025-11-11 00:58:26.182993,1
A23,B3,7945.007348260369,2025-08-21 00:58:26.182993,1
A31,B100,916.6674297868592,2025-09-26 00:58:26.182993,0
A76,B62,7736.355866529887,2026-04-06 00:58:26.182993,1
A41,B97,2589.5563565221914,2025-07-29 00:58:26.182993,0
A95,B56,4682.205091534933,2026-03-24 00:58:26.182993,0
A90,B6,324.16602700929764,2025-06-01 00:58:26.182993,0
A46,B26,1161.828874387799,2026-03-19 00:58:26.182993,0
A76,B14,6586.738490274738,2026-04-25 00:58:26.182993,1
A4,B5,1872.3908509861385,2026-01-25 00:58:26.182993,0
A91,B85,1406.7546655073475,2025-05-29 00:58:26.182993,0
A90,B66,5872.339405243692,2025-08-22 00:58:26.182993,1
A46,B76,3729.1046490673457,2026-03-26 00:58:26.182993,0
A73,B8,3785.3224682544537,2025-08-09 00:58:26.182993,0
A73,B61,5888.023909581722,2025-09-19 00:58:26.182993,1
A19,B16,348.15935857964024,2025-11-01 00:58:26.182993,0
A73,B33,7015.86995367023,2025-06-24 00:58:26.182993,1
A25,B6,6298.4260748718125,2025-07-29 00:58:26.182993,1
A64,B9,8694.597724983321,2025-05-23 00:58:26.182993,1
A70,B39,88.90403766868553,2026-03-14 00:58:26.182993,0
A40,B86,4219.8635496959405,2026-04-25 00:58:26.182993,0
A23,B2,3353.777655686077,2025-08-30 00:58:26.182993,0
A63,B97,6482.334321221477,2026-02-19 00:58:26.182993,1
A5,B13,1011.0748013052643,2025-08-20 00:58:26.182993,0
A12,B16,9132.35674244512,2026-01-24 00:58:26.182993,1
A8,B78,3069.693540899671,2026-03-19 00:58:26.182993,0
A30,B27,4673.743911477277,2026-01-19 00:58:26.182993,0
A78,B76,1869.7456576148513,2026-04-27 00:58:26.182993,0
A29,B26,227.28219148290822,2025-09-04 00:58:26.182993,0
A3,B24,8094.121105670609,2025-07-16 00:58:26.182993,1
A68,B86,4569.892303644208,2025-08-17 00:58:26.182993,0
A62,B45,5763.892358675892,2026-04-15 00:58:26.182993,1
A1,B4,4355.335084961645,2026-01-19 00:58:26.182993,0
A43,B12,3999.341470681018,2025-08-20 00:58:26.182993,0
A79,B19,8342.62314784118,2025-08-13 00:58:26.182993,1
A26,B96,2533.221948120674,2026-04-10 00:58:26.182993,0
A17,B36,3738.415635328067,2025-11-30 00:58:26.182993,0
A44,B75,3385.403823709117,2025-08-27 00:58:26.182993,0
A92,B45,6788.7728591078485,2025-08-20 00:58:26.182993,1
A23,B46,3008.731245256128,2026-04-05 00:58:26.182993,0
A42,B21,9707.94906422947,2026-01-10 00:58:26.182993,1
A8,B65,8775.55280454969,2026-01-09 00:58:26.182993,1
A3,B100,7634.098180966055,2025-12-03 00:58:26.182993,1
A19,B94,9009.646589380467,2025-08-14 00:58:26.182993,1
A76,B79,5074.537971224446,2026-03-14 00:58:26.182993,1
A91,B31,4215.649990101779,2026-02-20 00:58:26.182993,0
A19,B65,7742.9837548801015,2026-04-30 00:58:26.182993,1
A100,B73,9540.27958340276,2025-10-16 00:58:26.182993,1
A15,B9,4013.493772557599,2025-09-13 00:58:26.182993,0
A68,B13,295.2661575274122,2026-02-06 00:58:26.182993,0
A47,B75,5126.921459303673,2026-03-12 00:58:26.182993,1
A10,B98,9224.312441370053,2026-01-30 00:58:26.182993,1
A48,B2,8867.0865092616,2025-05-30 00:58:26.182993,1
A91,B68,9652.703754226406,2025-07-01 00:58:26.182993,1
A85,B28,9429.034855929118,2026-04-07 00:58:26.182993,1
A51,B92,1992.636810358046,2025-08-30 00:58:26.182993,0
A76,B25,9724.553246231397,2026-03-08 00:58:26.182993,1
A13,B37,7520.98241868687,2025-07-07 00:58:26.182993,1
A44,B22,1307.6093599008777,2025-10-08 00:58:26.182993,0
A39,B97,3338.1396731570985,2026-04-16 00:58:26.182993,0
A42,B69,9599.533855896167,2025-10-18 00:58:26.182993,1
A18,B1,9703.548027896006,2025-07-02 00:58:26.182993,1
A21,B93,3099.642658909452,2025-08-16 00:58:26.182993,0
A94,B13,7660.572888800463,2026-04-11 00:58:26.182993,1
A56,B28,8016.881343555178,2025-12-09 00:58:26.182993,1
A82,B65,4592.548060238202,2025-09-29 00:58:26.182993,0
A63,B91,1661.7673896347833,2026-02-27 00:58:26.182993,0
A84,B61,18.42366255447208,2025-06-08 00:58:26.182993,0
A41,B47,1483.435185268977,2026-01-01 00:58:26.182993,0
A23,B90,8830.717855758694,2025-12-01 00:58:26.182993,1
A91,B76,3019.8105130507965,2026-05-07 00:58:26.182993,0
A72,B24,812.9489516026567,2026-05-06 00:58:26.182993,0
A89,B57,2369.4739909398872,2026-05-17 00:58:26.182993,0
A79,B87,2041.1865972066169,2026-05-09 00:58:26.182993,0
A46,B14,910.7672763176449,2025-06-16 00:58:26.182993,0
A29,B24,2454.877901001557,2025-06-03 00:58:26.182993,0
A86,B46,6850.288628249829,2026-05-10 00:58:26.182993,1
A76,B49,8458.22727775819,2026-05-07 00:58:26.182993,1
A23,B55,3748.8355264022816,2026-04-10 00:58:26.182993,0
A49,B28,4778.667453540152,2025-12-08 00:58:26.182993,0
A40,B66,3453.671513856467,2026-02-27 00:58:26.182993,0
A94,B30,4713.29893755013,2025-06-30 00:58:26.182993,0
A89,B53,6870.996520418916,2025-07-27 00:58:26.182993,1
A38,B15,6990.809687247826,2026-04-11 00:58:26.182993,1
A17,B98,9129.202129157904,2026-04-10 00:58:26.182993,1
A23,B41,6687.684135803229,2025-06-04 00:58:26.182993,1
A94,B16,8315.15645139072,2026-02-14 00:58:26.182993,1
A1,B60,7065.178765095715,2025-09-18 00:58:26.182993,1
A90,B15,7632.931171285569,2026-04-02 00:58:26.182993,1
A74,B67,967.2903806109979,2025-10-10 00:58:26.182993,0
A51,B18,1293.7389125703526,2025-08-20 00:58:26.182993,0
A99,B64,7632.812529156144,2025-06-25 00:58:26.182993,1
A73,B98,1343.927423319494,2025-11-13 00:58:26.182993,0
A5,B47,7734.871789498979,2026-04-23 00:58:26.182993,1
A24,B91,8981.232690357521,2025-07-04 00:58:26.182993,1
A78,B37,8199.712850680564,2025-07-17 00:58:26.182993,1
A41,B72,7306.417354629271,2026-05-09 00:58:26.182993,1
A79,B93,4251.678473676884,2026-03-07 00:58:26.182993,0
A29,B6,3944.5650995955652,2025-11-23 00:58:26.182993,0
A82,B11,725.851391443633,2025-12-13 00:58:26.182993,0
A73,B42,4888.210194498806,2025-11-09 00:58:26.182993,0
A14,B64,7406.8868893575245,2025-06-12 00:58:26.182993,1
A64,B15,5868.425264423294,2026-03-25 00:58:26.182993,1
A19,B50,2224.72349872459,2025-09-06 00:58:26.182993,0
A43,B37,6089.138121976098,2025-06-26 00:58:26.182993,1
A96,B59,7680.760822886409,2025-12-25 00:58:26.182993,1
A10,B77,3697.6343360482265,2025-12-24 00:58:26.182993,0
A31,B95,3405.1110004599736,2026-01-09 00:58:26.182993,0
A45,B40,8234.149037047471,2026-03-02 00:58:26.182993,1
A41,B88,6109.559571413026,2026-04-09 00:58:26.182993,1
A22,B57,7519.327755703223,2025-08-16 00:58:26.182993,1
A82,B29,9146.71414719465,2026-03-08 00:58:26.182993,1
A12,B71,6459.3169125797895,2025-07-19 00:58:26.182993,1
A91,B53,1389.4182039387322,2025-06-14 00:58:26.182993,0
A86,B38,1887.825786486541,2025-07-31 00:58:26.182993,0
A82,B55,2120.211117314992,2025-08-19 00:58:26.182993,0
A94,B25,4359.652276170067,2025-09-20 00:58:26.182993,0
A43,B9,3402.470690211837,2025-12-26 00:58:26.182993,0
A58,B61,6543.908900223357,2025-09-13 00:58:26.182993,1
A2,B87,4262.856086537005,2025-08-28 00:58:26.182993,0
A34,B48,2856.7916007176764,2026-04-13 00:58:26.182993,0
A27,B23,3874.2870020566625,2026-03-06 00:58:26.182993,0
A32,B2,8214.537392718448,2026-02-22 00:58:26.182993,1
A89,B87,357.918339502697,2025-12-26 00:58:26.182993,0
A9,B63,9585.542327170226,2025-09-08 00:58:26.182993,1
A45,B87,4223.1515303506285,2025-07-08 00:58:26.182993,0
A33,B14,1643.7933424724572,2026-05-01 00:58:26.182993,0
A14,B51,6826.574366601647,2025-12-13 00:58:26.182993,1
A93,B57,8343.982625329802,2025-11-09 00:58:26.182993,1
A1,B67,4654.577796565198,2025-09-24 00:58:26.182993,0
A7,B85,835.5783118263316,2026-05-02 00:58:26.182993,0
A50,B87,6863.795540626196,2025-09-05 00:58:26.182993,1
A57,B11,1023.0369137386025,2025-10-12 00:58:26.182993,0
A94,B16,8626.040133913537,2025-09-25 00:58:26.182993,1
A54,B19,8037.4670658341565,2026-05-09 00:58:26.182993,1
A22,B51,132.1226466985707,2026-04-30 00:58:26.182993,0
A53,B52,3197.067524612752,2025-07-20 00:58:26.182993,0
A64,B89,5751.075274829824,2026-04-27 00:58:26.182993,1
A49,B76,3846.0629515806095,2026-05-21 00:58:26.182993,0
A45,B14,4552.3737373632985,2025-06-18 00:58:26.182993,0
A70,B95,4866.53244928743,2026-01-09 00:58:26.182993,0
A49,B22,9599.611310327406,2026-01-17 00:58:26.182993,1
A13,B9,4023.016872557595,2025-11-10 00:58:26.182993,0
A62,B47,7715.883004773912,2025-11-27 00:58:26.182993,1
A74,B26,3036.515585076527,2025-07-01 00:58:26.182993,0
A84,B44,2593.904002183894,2025-11-29 00:58:26.182993,0
A98,B26,6344.830623033825,2026-04-07 00:58:26.182993,1
A88,B77,6040.324112498608,2025-11-18 00:58:26.182993,1
A29,B52,8026.159767978091,2025-08-31 00:58:26.182993,1
A21,B16,4508.196713146531,2026-01-02 00:58:26.182993,0
A58,B30,3734.524901376852,2025-08-24 00:58:26.182993,0
A10,B55,4740.737378545958,2026-03-07 00:58:26.182993,0
A5,B93,3357.2844497355986,2025-10-27 00:58:26.182993,0
A38,B64,5354.891417309528,2025-11-10 00:58:26.182993,1
A3,B36,3654.9692541033373,2025-08-07 00:58:26.182993,0
A41,B98,7857.092290346377,2026-03-21 00:58:26.182993,1
A34,B92,9807.53773410924,2026-01-22 00:58:26.182993,1
A14,B99,5321.799171034333,2025-10-23 00:58:26.182993,1
A10,B75,3840.8835143926717,2026-03-07 00:58:26.182993,0
A44,B76,6750.4419065214015,2026-01-05 00:58:26.182993,1
A22,B35,1512.3683291636235,2025-09-03 00:58:26.182993,0
A49,B97,3377.785740364567,2026-01-26 00:58:26.182993,0
A21,B83,9342.428990517345,2025-12-09 00:58:26.182993,1
A94,B52,5905.628650529587,2025-11-14 00:58:26.182993,1
A10,B46,1984.1543636010124,2025-06-18 00:58:26.182993,0
A71,B61,8130.222742326973,2026-04-27 00:58:26.182993,1
A12,B86,7279.011377717032,2025-11-16 00:58:26.182993,1
A44,B78,4555.343726609137,2025-12-15 00:58:26.182993,0
A77,B52,494.95054642099154,2026-02-24 00:58:26.182993,0
A79,B63,2824.3224144581404,2025-07-31 00:58:26.182993,0
A62,B66,1224.2989418677098,2025-11-11 00:58:26.182993,0
A91,B36,4901.317903011326,2026-05-01 00:58:26.182993,0
A4,B19,3677.370168046909,2025-08-13 00:58:26.182993,0
A56,B99,8892.767689803904,2025-05-22 00:58:26.182993,1
A84,B59,6867.012508804137,2026-05-02 00:58:26.182993,1
A22,B14,2530.744777863981,2025-07-06 00:58:26.182993,0
A78,B16,3381.242830628252,2025-09-24 00:58:26.182993,0
A56,B33,2968.4830948015233,2026-04-25 00:58:26.182993,0
A21,B63,8193.501733504741,2025-10-26 00:58:26.182993,1
A7,B64,5432.057494295261,2026-02-05 00:58:26.182993,1
A13,B30,1795.4945214797888,2026-01-19 00:58:26.182993,0
A43,B81,3575.2847643675777,2025-10-24 00:58:26.182993,0
A27,B18,185.01474077428702,2025-07-18 00:58:26.182993,0
A25,B4,3253.0791746367263,2025-07-12 00:58:26.182993,0
A53,B13,6363.4671725764465,2025-08-10 00:58:26.182993,1
A90,B95,5961.831267816692,2025-09-29 00:58:26.182993,1
A71,B7,3578.872376469702,2025-07-10 00:58:26.182993,0
A93,B9,375.75738375911516,2025-11-22 00:58:26.182993,0
A94,B64,7389.41625742751,2026-05-14 00:58:26.182993,1
A70,B87,2493.7809102280744,2025-07-07 00:58:26.182993,0
A34,B4,849.6281269528131,2025-07-01 00:58:26.182993,0
A85,B23,954.7800226456344,2025-08-26 00:58:26.182993,0
A37,B49,7270.606168992792,2026-02-17 00:58:26.182993,1
A39,B78,6332.8710298208025,2026-03-19 00:58:26.182993,1
A31,B87,4316.694459678528,2026-04-19 00:58:26.182993,0
A13,B42,2754.2153722823323,2026-04-21 00:58:26.182993,0
A7,B20,9718.809225750925,2026-01-05 00:58:26.182993,1
A51,B39,6893.029690505854,2026-04-28 00:58:26.182993,1
A74,B80,2448.5660347980524,2026-03-21 00:58:26.182993,0
A71,B80,8257.45838229931,2025-11-03 00:58:26.182993,1
A63,B13,8350.82984539375,2026-01-13 00:58:26.182993,1
A20,B98,7329.550896560039,2025-08-25 00:58:26.182993,1
A7,B10,5240.3518879040475,2026-03-20 00:58:26.182993,1
A47,B85,4589.611495703484,2025-08-11 00:58:26.182993,0
A1,B97,774.5960762546866,2025-08-25 00:58:26.182993,0
A55,B67,3734.2253345436666,2026-05-20 00:58:26.182993,0
A12,B99,1476.0369677651024,2026-01-09 00:58:26.182993,0
A38,B64,9768.664893439887,2025-07-06 00:58:26.182993,1
A85,B60,6381.766686563491,2026-01-10 00:58:26.182993,1
A81,B26,8821.548509748398,2025-06-27 00:58:26.182993,1
A77,B38,3825.3108222871747,2026-02-21 00:58:26.182993,0
A62,B85,9802.862205555562,2025-08-15 00:58:26.182993,1
A26,B64,796.861009630185,2025-09-22 00:58:26.182993,0
A13,B63,9275.131106458926,2025-09-09 00:58:26.182993,1
A4,B65,7495.177322304545,2026-01-15 00:58:26.182993,1
A27,B34,4231.0737911119195,2025-08-31 00:58:26.182993,0
A22,B70,233.61091708737663,2026-02-12 00:58:26.182993,0
A82,B44,9504.085217790325,2025-11-10 00:58:26.182993,1
A38,B70,2576.011460413959,2026-02-15 00:58:26.182993,0
A11,B70,6532.425383399592,2025-08-25 00:58:26.182993,1
A61,B3,8830.42436623603,2025-06-25 00:58:26.182993,1
A15,B98,8370.164639460614,2026-04-20 00:58:26.182993,1
A40,B5,4340.018480583644,2025-10-30 00:58:26.182993,0
A51,B56,1173.0900529661135,2026-01-05 00:58:26.182993,0
A61,B16,1924.519935646968,2026-01-18 00:58:26.182993,0
A63,B50,2617.1477251442884,2026-03-04 00:58:26.182993,0
A85,B58,3038.9821781192636,2025-06-12 00:58:26.182993,0
A34,B41,5145.25533047456,2026-04-19 00:58:26.182993,1
A12,B49,8543.894058460723,2026-03-11 00:58:26.182993,1
A83,B57,2445.086503666853,2025-05-31 00:58:26.182993,0
A70,B59,7991.551456807731,2025-10-30 00:58:26.182993,1
A50,B5,3748.621504289111,2025-07-10 00:58:26.182993,0
A24,B5,4734.45481881455,2025-06-09 00:58:26.182993,0
A48,B23,7609.583264704255,2025-12-22 00:58:26.182993,1
A49,B72,4375.086885132786,2026-02-24 00:58:26.182993,0
A48,B85,7471.229229135395,2025-08-28 00:58:26.182993,1
A24,B100,7785.306651259047,2025-08-03 00:58:26.182993,1
A58,B39,2775.7695719645553,2025-06-26 00:58:26.182993,0
A6,B91,6717.682009242209,2025-06-14 00:58:26.182993,1
A34,B22,6050.17945612013,2025-06-15 00:58:26.182993,1
A57,B63,9098.366634032067,2025-12-16 00:58:26.182993,1
A60,B56,6785.300407009392,2025-10-26 00:58:26.182993,1
A34,B18,2734.0672405843434,2025-12-21 00:58:26.182993,0
A29,B40,4077.7560909039676,2026-03-02 00:58:26.182993,0
A35,B92,197.00229877743976,2026-05-12 00:58:26.182993,0
A73,B50,4149.10514999595,2026-01-18 00:58:26.182993,0
A8,B63,1306.3717617462487,2025-10-20 00:58:26.182993,0
A20,B98,2677.8622646614,2026-03-17 00:58:26.182993,0
A97,B15,5994.803714414534,2025-11-15 00:58:26.182993,1
A90,B73,9759.217247457937,2025-08-25 00:58:26.182993,1
A86,B87,3188.4123529531466,2025-10-14 00:58:26.182993,0
A13,B63,2221.0236184745986,2026-02-02 00:58:26.182993,0
A11,B85,190.54850416626718,2026-03-30 00:58:26.182993,0
A86,B71,3252.8422541049613,2025-12-15 00:58:26.182993,0
A45,B88,646.5873610805633,2026-01-14 00:58:26.182993,0
A70,B70,2885.43480570881,2026-04-10 00:58:26.182993,0
A53,B74,7123.215705507012,2025-09-28 00:58:26.182993,1
A97,B61,8271.480015380941,2026-05-02 00:58:26.182993,1
A76,B61,5883.262503545285,2025-11-04 00:58:26.182993,1
A30,B72,6351.378901201153,2025-12-24 00:58:26.182993,1
A71,B21,3294.232630797957,2025-07-03 00:58:26.182993,0
A8,B65,3896.504730293697,2025-11-04 00:58:26.182993,0
A50,B8,9299.428230904003,2026-03-03 00:58:26.182993,1
A67,B51,135.5465744888608,2025-11-22 00:58:26.182993,0
A54,B34,3412.553819218513,2025-11-12 00:58:26.182993,0
A69,B64,3470.1994844381557,2025-12-25 00:58:26.182993,0
A88,B76,4449.386804895613,2026-05-01 00:58:26.182993,0
A61,B49,4624.85604222876,2026-02-16 00:58:26.182993,0
A74,B79,7428.285853078638,2025-10-28 00:58:26.182993,1
A31,B87,2114.2675718447654,2026-01-25 00:58:26.182993,0
A61,B46,6980.276389780893,2025-06-11 00:58:26.182993,1
A39,B99,6733.12965576881,2025-11-15 00:58:26.182993,1
A11,B37,2564.3690415870606,2025-11-29 00:58:26.182993,0
A51,B42,332.3424347518228,2025-08-17 00:58:26.182993,0
A92,B8,8524.39386000797,2025-06-07 00:58:26.182993,1
A5,B4,9677.558849940442,2026-02-16 00:58:26.182993,1
A65,B76,6317.526793483792,2025-12-23 00:58:26.182993,1
A74,B6,5617.6441049547675,2026-02-13 00:58:26.182993,1
A67,B17,3459.5389319962933,2026-05-11 00:58:26.182993,0
A74,B47,2083.436505888617,2025-06-14 00:58:26.182993,0
A87,B45,9848.837363054019,2026-04-09 00:58:26.182993,1
A80,B95,3698.222636709265,2025-09-24 00:58:26.182993,0
A19,B75,2925.3121952046945,2025-11-10 00:58:26.182993,0
A16,B4,3160.2274788951636,2025-12-16 00:58:26.182993,0
A97,B98,6748.268690251763,2025-10-24 00:58:26.182993,1
A58,B81,305.3500350374425,2025-12-30 00:58:26.182993,0
A23,B44,6252.378349106904,2025-12-25 00:58:26.182993,1
A22,B49,1675.6757089973144,2025-09-02 00:58:26.182993,0
A28,B13,3522.7475165819774,2025-08-01 00:58:26.182993,0
A25,B55,4320.992608441233,2025-08-24 00:58:26.182993,0
A17,B45,9958.30014431292,2025-09-06 00:58:26.182993,1
A6,B46,243.84935681797657,2026-05-11 00:58:26.182993,0
A55,B53,9733.837115586086,2026-01-27 00:58:26.182993,1
A11,B45,5568.830477320251,2026-03-28 00:58:26.182993,1
A88,B8,4912.661198131036,2025-11-15 00:58:26.182993,0
A56,B85,2354.8384540460293,2026-01-19 00:58:26.182993,0
A26,B32,9212.551048253114,2025-08-11 00:58:26.182993,1
A81,B32,1325.6569193341138,2025-05-30 00:58:26.182993,0
A19,B31,6075.146211376061,2025-09-08 00:58:26.182993,1
A77,B83,8498.185226125308,2025-08-30 00:58:26.182993,1
A34,B40,978.8284236456408,2026-02-20 00:58:26.182993,0
A41,B76,2190.8707534591745,2026-01-01 00:58:26.182993,0
A94,B11,9921.3877530785,2025-12-04 00:58:26.182993,1
A9,B89,5711.742707942399,2026-03-15 00:58:26.182993,1
A12,B9,1794.4381605854924,2025-09-26 00:58:26.182993,0
A50,B40,1599.584006004613,2025-07-14 00:58:26.182993,0
A72,B15,7777.471551030749,2025-05-31 00:58:26.182993,1
A51,B44,7347.262506106317,2026-04-21 00:58:26.182993,1
A71,B22,4017.1539285421577,2025-06-12 00:58:26.182993,0
A42,B3,4091.07669932191,2025-06-04 00:58:26.182993,0
A36,B69,7515.296394194278,2025-11-29 00:58:26.182993,1
A67,B42,4187.618155744556,2026-05-03 00:58:26.182993,0
A59,B5,5996.492894709173,2025-12-25 00:58:26.182993,1
A2,B59,3200.840941572872,2025-06-05 00:58:26.182993,0
A90,B85,3638.1150690947006,2025-06-29 00:58:26.182993,0
A80,B55,1065.331384209568,2026-04-23 00:58:26.182993,0
A76,B73,8848.731087457913,2025-12-24 00:58:26.182993,1
A67,B66,9602.791608161438,2026-01-20 00:58:26.182993,1
A54,B54,7619.913785873074,2026-02-07 00:58:26.182993,1
A15,B35,3184.5732166470852,2026-02-01 00:58:26.182993,0
A54,B3,5360.914216561308,2026-02-05 00:58:26.182993,1
A20,B90,3927.811930691757,2025-11-22 00:58:26.182993,0
A19,B61,8591.975309592633,2026-02-12 00:58:26.182993,1
A73,B76,4953.383810450982,2025-08-26 00:58:26.182993,0
A76,B3,4644.500280841971,2026-01-11 00:58:26.182993,0
A75,B41,8263.12297795905,2025-07-26 00:58:26.182993,1
A98,B49,4500.0646957614135,2025-12-12 00:58:26.182993,0
A13,B74,9239.86646722768,2025-05-25 00:58:26.182993,1
A14,B50,1784.4900105636043,2026-03-21 00:58:26.182993,0
A73,B42,2891.194022471758,2025-11-01 00:58:26.182993,0
A100,B74,5331.33040197465,2026-01-29 00:58:26.182993,1
A13,B13,3347.2079342731804,2026-03-11 00:58:26.182993,0
A37,B63,4645.574649761201,2026-03-31 00:58:26.182993,0
A69,B13,1730.983975057931,2026-04-06 00:58:26.182993,0
A45,B89,9073.736045302805,2026-04-04 00:58:26.182993,1
A53,B87,3839.7007050050543,2025-05-23 00:58:26.182993,0
A34,B27,6534.511370858684,2025-07-19 00:58:26.182993,1
A50,B44,9742.731442663915,2025-10-02 00:58:26.182993,1
A84,B64,4108.835102221822,2025-08-26 00:58:26.182993,0
A63,B65,6367.804581672844,2025-09-26 00:58:26.182993,1
A74,B98,6192.570911792547,2026-03-20 00:58:26.182993,1
A78,B86,1394.334697209027,2025-08-17 00:58:26.182993,0
A61,B44,6203.003744621416,2026-04-28 00:58:26.182993,1
A5,B22,9989.109739171363,2025-07-16 00:58:26.182993,1
A23,B79,5999.686019198158,2026-02-10 00:58:26.182993,1
A36,B39,7324.158467081672,2026-01-19 00:58:26.182993,1
A52,B47,9455.435303063005,2025-07-23 00:58:26.182993,1
A19,B56,3256.952900454602,2026-04-06 00:58:26.182993,0
A80,B26,2506.908134690851,2025-07-03 00:58:26.182993,0
A78,B64,5697.368411412062,2025-06-09 00:58:26.182993,1
A88,B82,4724.416304281256,2026-02-10 00:58:26.182993,0
A89,B10,918.7547393809432,2025-09-12 00:58:26.182993,0
A52,B69,3709.2561628443586,2026-02-01 00:58:26.182993,0
A5,B28,7432.224095220956,2026-03-15 00:58:26.182993,1
A51,B37,8836.289680010825,2025-10-27 00:58:26.182993,1
A43,B34,6544.619288142773,2025-06-27 00:58:26.182993,1
A89,B7,5525.053020926126,2025-12-08 00:58:26.182993,1
A31,B39,8635.74834151853,2026-01-27 00:58:26.182993,1
A7,B74,8504.587046600398,2026-05-02 00:58:26.182993,1
A96,B52,1622.1789439254342,2025-10-26 00:58:26.182993,0
A61,B29,3696.9525721920313,2026-05-05 00:58:26.182993,0
A35,B80,8747.755468269885,2026-04-13 00:58:26.182993,1
A48,B96,1760.3578253609471,2026-04-10 00:58:26.182993,0
A3,B12,9372.037464386203,2025-07-13 00:58:26.182993,1
A44,B92,9214.642989232056,2025-09-06 00:58:26.182993,1
A39,B75,3234.0147757170644,2025-09-10 00:58:26.182993,0
A40,B13,2936.8893374314903,2025-12-06 00:58:26.182993,0
A36,B76,8945.512123022889,2025-11-04 00:58:26.182993,1
A63,B44,2078.00263613646,2026-04-04 00:58:26.182993,0
A90,B35,4617.184080983231,2025-09-28 00:58:26.182993,0
A88,B9,2458.019239007489,2025-09-08 00:58:26.182993,0
A13,B73,6036.45737940144,2025-10-26 00:58:26.182993,1
A30,B68,9897.236145708095,2025-08-13 00:58:26.182993,1
A18,B61,7969.56803297259,2025-08-27 00:58:26.182993,1
A39,B55,9728.32482114023,2026-05-18 00:58:26.182993,1
A96,B27,5007.147241885802,2026-05-17 00:58:26.182993,1
A57,B45,1120.4613932880218,2026-02-17 00:58:26.182993,0
A100,B10,6044.027890714821,2026-02-05 00:58:26.182993,1
A42,B84,3319.2797555188363,2026-05-09 00:58:26.182993,0
A35,B39,9202.356592861544,2026-05-07 00:58:26.182993,1
A94,B65,1601.0731886043093,2025-07-26 00:58:26.182993,0
A54,B39,4627.500204319075,2026-03-29 00:58:26.182993,0
A78,B56,9625.11552279982,2025-12-02 00:58:26.182993,1
A83,B85,78.76430555134756,2025-10-22 00:58:26.182993,0
A12,B70,332.9024574415059,2026-03-26 00:58:26.182993,0
A25,B41,6771.955032791223,2025-08-14 00:58:26.182993,1
A57,B26,8671.956513840536,2026-03-18 00:58:26.182993,1
A28,B54,9955.39015626453,2025-07-21 00:58:26.182993,1
A53,B52,8623.068016240766,2025-08-27 00:58:26.182993,1
A95,B33,712.9524795904522,2026-05-16 00:58:26.182993,0
A63,B80,4176.725213648173,2026-01-17 00:58:26.182993,0
A98,B66,2607.6921877617892,2025-06-04 00:58:26.182993,0
A67,B59,7162.6060095283465,2025-11-10 00:58:26.182993,1
A48,B86,1218.6099229811916,2025-12-03 00:58:26.182993,0
A8,B98,7768.199318153406,2025-09-23 00:58:26.182993,1
A66,B71,6474.422503726154,2025-06-30 00:58:26.182993,1
A21,B24,5346.366409216034,2025-05-28 00:58:26.182993,1
A9,B3,246.96406014879017,2025-09-10 00:58:26.182993,0
A40,B81,4813.267563054418,2026-01-07 00:58:26.182993,0
A91,B91,7263.057191351539,2025-12-28 00:58:26.182993,1
A65,B67,2936.7010818310623,2025-07-21 00:58:26.182993,0
A52,B24,3989.983398577528,2026-03-22 00:58:26.182993,0
A18,B74,8224.934421511394,2025-10-22 00:58:26.182993,1
A100,B64,7689.927543987822,2026-05-21 00:58:26.182993,1
A68,B28,3640.098943787068,2025-07-09 00:58:26.182993,0
A73,B85,7169.0799986170605,2025-06-08 00:58:26.182993,1
A4,B96,5120.481399941364,2026-02-02 00:58:26.182993,1
A23,B60,6499.801749855709,2025-11-03 00:58:26.182993,1
A25,B35,4291.599492403574,2025-11-15 00:58:26.182993,0
A26,B82,1249.3278982877268,2025-07-14 00:58:26.182993,0
A8,B69,1468.3775580840788,2025-11-26 00:58:26.182993,0
A32,B79,2632.3660055683904,2026-03-15 00:58:26.182993,0
A5,B99,8254.033625217688,2026-04-23 00:58:26.182993,1
A59,B56,7538.2427880039,2026-04-13 00:58:26.182993,1
A7,B73,1126.7194964939513,2025-12-14 00:58:26.182993,0
A47,B94,1697.8451269938075,2025-07-17 00:58:26.182993,0
A91,B81,4134.801612561975,2026-04-16 00:58:26.182993,0
A26,B8,3404.9478947228295,2026-03-20 00:58:26.182993,0
A36,B67,9130.616157935976,2025-08-26 00:58:26.182993,1
A48,B26,7957.575461351008,2025-06-29 00:58:26.182993,1
A60,B47,2108.74899202907,2025-08-01 00:58:26.182993,0
A65,B60,980.2857836109137,2025-12-27 00:58:26.182993,0
A51,B19,6423.9353586749985,2026-03-28 00:58:26.182993,1
A82,B31,749.9548598217795,2025-08-19 00:58:26.182993,0
A16,B20,8992.961159748866,2025-12-24 00:58:26.182993,1
A88,B96,4920.853535961357,2026-01-27 00:58:26.182993,0
A4,B88,2454.837157519429,2026-01-24 00:58:26.182993,0
A31,B98,2607.3955387696965,2025-10-31 00:58:26.182993,0
A48,B39,2959.967776127526,2025-08-24 00:58:26.182993,0
A63,B56,4452.273933912109,2025-09-20 00:58:26.182993,0
A77,B53,7875.865745240881,2025-11-28 00:58:26.182993,1
A58,B41,6998.621106718766,2026-05-09 00:58:26.182993,1
A23,B9,5686.629586221551,2025-07-26 00:58:26.182993,1
A61,B82,5948.33701630748,2026-03-12 00:58:26.182993,1
